strength_mean_core,radius_m,core_count,border_count,encounters,core_fraction,radius_p80_m,strength_p95_core,strength_mean_all,strength_p95_all,eps_km,min_samples,method,center_estimator,strength_min,wp_id,lat,lon
4.4,1428.6,6,5,10,0.5,1355.3,8.5,3.7,7.0,1.1,5,dbscan,median,2.0,0,-31.286333910789253,117.34411074459301
5.2,1800.1,6,3,7,0.7,1386.0,8.1,4.6,7.8,1.1,5,dbscan,median,2.0,1,-31.101127442956354,116.80469536521463
5.5,1015.4,2,3,5,0.4,927.4,7.7,3.8,7.0,1.1,5,dbscan,median,2.0,2,-32.97886348093948,117.08049858402583
4.8,1377.3,5,4,9,0.6,1313.8,7.3,4.2,6.8,1.1,5,dbscan,median,2.0,3,-31.401603667114696,116.83932543275142
3.3,3031.1,21,7,26,0.8,2126.3,7.1,3.3,6.5,1.1,5,dbscan,median,2.0,4,-32.45802223135965,117.03317235449737
3.9,2510.7,7,5,12,0.6,1604.5,7.1,3.7,6.4,1.1,5,dbscan,median,2.0,5,-31.64928878329551,117.47946379398148
6.8,1095.6,1,4,5,0.2,947.6,6.8,4.1,6.4,1.1,5,dbscan,median,2.0,6,-32.466629880401236,116.9057320601852
4.0,1314.6,6,1,7,0.9,671.5,6.8,3.8,6.6,1.1,5,dbscan,median,2.0,7,-31.484348827238335,117.1343304000397
3.9,1770.2,10,5,15,0.7,1406.3,6.4,3.7,5.5,1.1,5,dbscan,median,2.0,8,-32.76512945635308,117.17591515154359
6.3,969.5,1,4,5,0.2,779.5,6.3,3.5,5.7,1.1,5,dbscan,median,2.0,9,-31.852628750722417,117.09053553301308
3.8,2557.5,10,5,14,0.7,2009.4,6.2,3.5,5.6,1.1,5,dbscan,median,2.0,10,-31.425344683914265,117.28675723790604
6.0,1008.5,1,4,5,0.2,554.6,6.0,4.2,5.8,1.1,5,dbscan,median,2.0,11,-32.41296362370397,117.69808087852736
3.6,2393.4,16,6,19,0.7,1904.4,6.0,3.5,5.2,1.1,5,dbscan,median,2.0,12,-31.80368804049443,117.5211677143649
3.6,2246.0,11,5,16,0.7,1866.0,6.0,3.7,6.9,1.1,5,dbscan,median,2.0,13,-32.978536011904765,117.10942209703325
4.0,2000.3,8,3,10,0.7,1258.1,5.9,4.1,6.1,1.1,5,dbscan,median,2.0,14,-31.298843334448364,117.00975926436344
4.3,1642.9,6,2,8,0.8,1282.6,5.9,3.9,5.8,1.1,5,dbscan,median,2.0,15,-32.110298133620496,117.51878168069993
3.4,7026.4,242,16,200,0.9,3852.8,5.8,3.4,5.9,1.1,5,dbscan,median,2.0,16,-32.92883487276913,117.08218621553931
3.7,2264.4,10,4,14,0.7,1298.5,5.8,3.8,5.7,1.1,5,dbscan,median,2.0,17,-31.942453208498677,117.40297317319806
3.5,2712.5,16,7,21,0.7,2173.5,5.6,3.4,4.4,1.1,5,dbscan,median,2.0,18,-31.641952143134432,117.09298396624453
4.0,1401.3,6,3,9,0.7,1179.5,5.5,3.7,5.2,1.1,5,dbscan,median,2.0,19,-31.42631507233471,116.86658153875709
3.8,1838.8,4,6,10,0.4,1614.2,5.4,4.0,6.6,1.1,5,dbscan,median,2.0,20,-31.50612368621254,117.05589113037249
3.3,1318.4,7,2,9,0.8,1076.4,5.4,3.3,5.2,1.1,5,dbscan,median,2.0,21,-31.40833318838899,117.20478399452112
3.2,2348.1,17,4,19,0.8,1499.1,5.2,3.2,4.2,1.1,5,dbscan,median,2.0,22,-31.7798919481271,117.1428751999158
5.2,1034.2,1,4,5,0.2,856.8,5.2,3.5,4.9,1.1,5,dbscan,median,2.0,23,-31.76897681285225,117.61398204652632
3.3,11083.2,138,24,132,0.9,6386.3,5.2,3.3,5.1,1.1,5,dbscan,median,2.0,24,-31.218867489417974,117.04126032077482
4.0,811.3,3,2,5,0.6,530.7,5.1,3.7,5.0,1.1,5,dbscan,median,2.0,25,-32.10847631481482,117.19517702436067
3.5,2591.3,15,3,17,0.8,1728.8,5.1,3.5,5.0,1.1,5,dbscan,median,2.0,26,-31.76729766369048,116.98390462962962
3.4,1443.8,5,1,6,0.8,731.4,5.1,3.4,5.0,1.1,5,dbscan,median,2.0,27,-31.933278220435344,117.86410954329968
3.5,4742.9,38,15,53,0.7,3470.1,5.1,3.4,5.0,1.1,5,dbscan,median,2.0,28,-32.06870077735254,117.19914862256176
3.6,1657.8,7,1,8,0.9,884.9,5.1,3.6,5.1,1.1,5,dbscan,median,2.0,29,-32.32202134224934,117.82620679392818
3.6,1556.0,5,2,6,0.7,951.8,5.1,3.9,5.5,1.1,5,dbscan,median,2.0,30,-31.197144507988384,117.57450824790564
5.1,1014.1,1,4,5,0.2,930.3,5.1,3.1,4.6,1.1,5,dbscan,median,2.0,31,-31.64899239095857,117.40158353092122
3.4,1274.1,5,2,7,0.7,1016.4,5.0,3.4,4.9,1.1,5,dbscan,median,2.0,32,-31.489786965977608,116.86803919279932
3.4,1792.8,11,5,16,0.7,1497.2,5.0,3.2,4.5,1.1,5,dbscan,median,2.0,33,-32.906949764591204,117.23282655135569
3.6,4341.2,15,11,26,0.6,2777.9,5.0,3.4,4.9,1.1,5,dbscan,median,2.0,34,-32.04591804988662,117.12782609872768
3.3,3418.0,25,6,29,0.8,2481.0,5.0,3.3,4.8,1.1,5,dbscan,median,2.0,35,-31.35290381944445,116.83607803694036
3.5,2146.6,13,5,18,0.7,1394.5,5.0,3.4,4.9,1.1,5,dbscan,median,2.0,36,-31.64660221340388,117.30465060405643
4.0,1756.5,5,3,8,0.6,1242.2,5.0,3.5,4.9,1.1,5,dbscan,median,2.0,37,-31.32533554138729,117.44864115531207
5.0,1079.7,1,4,5,0.2,775.9,5.0,4.2,6.5,1.1,5,dbscan,median,2.0,38,-31.574477742063493,117.97734417460318
3.4,2118.1,11,5,15,0.7,1755.4,5.0,3.5,5.0,1.1,5,dbscan,median,2.0,39,-31.575523521969178,116.87046829070972
4.1,747.0,5,0,5,1.0,746.8,5.0,4.1,5.0,1.1,5,dbscan,median,2.0,40,-30.96639038026296,117.13732644271414
3.3,2817.5,19,8,27,0.7,2465.7,4.9,3.1,4.2,1.1,5,dbscan,median,2.0,41,-32.01110828373017,117.36862705268052
4.9,683.6,1,2,3,0.3,496.5,4.9,3.6,4.8,1.1,5,dbscan,median,2.0,42,-32.78908585144552,117.17877850503164
3.6,2015.4,8,2,10,0.8,1171.0,4.9,3.6,4.9,1.1,5,dbscan,median,2.0,43,-31.36021214675843,117.021369444507
3.7,930.4,2,5,7,0.3,873.9,4.9,3.3,4.8,1.1,5,dbscan,median,2.0,44,-32.45412304210369,116.99558740891949
3.4,3086.3,21,6,25,0.8,2225.6,4.9,3.4,4.8,1.1,5,dbscan,median,2.0,45,-31.71482122044052,117.01387300747862
3.3,1916.1,11,3,14,0.8,1306.3,4.9,3.4,5.1,1.1,5,dbscan,median,2.0,46,-32.89708153235653,117.3010124537037
3.8,1732.5,9,2,11,0.8,1098.3,4.9,3.5,4.8,1.1,5,dbscan,median,2.0,47,-31.90004471408408,117.38577356575996
4.9,837.9,1,4,5,0.2,713.1,4.9,3.4,4.6,1.1,5,dbscan,median,2.0,48,-32.93264151067964,117.2678725993455
3.6,2203.7,7,4,11,0.6,1314.4,4.9,3.7,5.1,1.1,5,dbscan,median,2.0,49,-32.232377675653595,117.25272517138752
4.9,942.7,1,4,4,0.2,874.5,4.9,3.6,4.7,1.1,5,dbscan,median,2.0,50,-31.62298700637069,116.90683073460748
4.9,963.2,1,2,3,0.3,899.3,4.9,3.6,4.8,1.1,5,dbscan,median,2.0,51,-31.18180342552721,117.08843309727948
4.9,1004.5,1,4,5,0.2,928.1,4.9,4.3,6.9,1.1,5,dbscan,median,2.0,52,-32.62793077123054,117.3441094346135
4.2,1789.6,3,4,7,0.4,1235.8,4.8,3.7,4.7,1.1,5,dbscan,median,2.0,53,-31.432015244708992,117.56249018259038
3.6,1306.6,2,4,6,0.3,948.8,4.8,3.2,4.7,1.1,5,dbscan,median,2.0,54,-31.677087844928817,117.34012763180797
3.2,2615.5,13,6,19,0.7,1738.1,4.8,3.2,4.9,1.1,5,dbscan,median,2.0,55,-31.73186369047619,117.14781139922329
3.2,3128.8,23,9,30,0.7,2678.5,4.8,3.1,4.7,1.1,5,dbscan,median,2.0,56,-32.033685266830986,117.31215470305656
4.1,1725.4,6,5,11,0.5,1287.4,4.8,3.6,4.7,1.1,5,dbscan,median,2.0,57,-31.367294512701108,117.43479066687954
3.0,913.2,5,0,5,1.0,709.7,4.8,3.0,4.8,1.1,5,dbscan,median,2.0,58,-31.61084089682539,117.69004992559525
4.8,1069.2,1,4,5,0.2,953.8,4.8,4.3,5.0,1.1,5,dbscan,median,2.0,59,-32.66016053067707,116.9227659904389
4.8,1000.6,1,4,5,0.2,976.9,4.8,4.1,5.9,1.1,5,dbscan,median,2.0,60,-32.851328643859176,117.11603578886216
3.3,3660.3,27,6,32,0.8,2464.3,4.8,3.3,4.7,1.1,5,dbscan,median,2.0,61,-31.600720723967616,117.88865870039682
3.7,1080.5,4,2,6,0.7,1014.6,4.8,3.4,4.7,1.1,5,dbscan,median,2.0,62,-32.70119620084828,116.88387567141284
3.3,1197.6,5,2,7,0.7,957.9,4.8,3.4,4.7,1.1,5,dbscan,median,2.0,63,-31.760308950617283,117.03883343017684
4.6,988.7,2,3,5,0.4,819.0,4.8,3.9,4.7,1.1,5,dbscan,median,2.0,64,-33.00529543792779,117.06468313266896
3.5,2803.5,6,5,10,0.5,2276.7,4.8,3.5,4.6,1.1,5,dbscan,median,2.0,65,-31.525032736522633,116.99343178786432
3.2,4408.8,21,15,35,0.6,3192.2,4.7,3.3,5.0,1.1,5,dbscan,median,2.0,66,-32.02181280458089,117.40214213800736
3.6,2050.1,5,3,7,0.6,1211.9,4.7,3.3,4.6,1.1,5,dbscan,median,2.0,67,-32.47998839065255,116.89994509034526
4.7,972.0,1,4,5,0.2,930.2,4.7,3.0,4.4,1.1,5,dbscan,median,2.0,68,-31.269812971950984,117.27933042524673
3.4,1079.5,4,2,6,0.7,1031.8,4.7,3.0,4.6,1.1,5,dbscan,median,2.0,69,-32.97301155101236,116.96405330955946
3.6,1537.6,3,4,7,0.4,1031.9,4.7,3.4,4.5,1.1,5,dbscan,median,2.0,70,-31.504049851190477,117.26164391203704
3.7,1421.7,6,4,10,0.6,1250.7,4.7,3.8,5.3,1.1,5,dbscan,median,2.0,71,-31.872078234254488,117.30218884200308
3.4,656.0,5,0,5,1.0,606.9,4.7,3.4,4.7,1.1,5,dbscan,median,2.0,72,-31.530764429012343,117.77328673471848
3.3,1275.3,5,1,6,0.8,540.1,4.7,3.2,4.6,1.1,5,dbscan,median,2.0,73,-32.891173309098306,117.337484375
3.3,2148.3,10,4,14,0.7,1291.3,4.7,3.2,4.5,1.1,5,dbscan,median,2.0,74,-31.814481729527536,117.39146440270378
3.6,1571.2,2,5,7,0.3,1387.1,4.7,3.3,4.4,1.1,5,dbscan,median,2.0,75,-31.418897930480654,117.44825459090805
3.3,2788.1,20,6,24,0.8,1691.9,4.7,3.1,4.6,1.1,5,dbscan,median,2.0,76,-31.316825836341938,117.03717971562027
4.6,1087.1,1,4,5,0.2,1068.2,4.6,3.5,4.5,1.1,5,dbscan,median,2.0,77,-31.32615074891835,116.86519605343872
4.6,936.7,1,4,5,0.2,847.3,4.6,3.3,4.6,1.1,5,dbscan,median,2.0,78,-32.627331792725144,117.20047457121636
3.2,3023.5,19,6,25,0.8,2601.5,4.6,3.1,4.5,1.1,5,dbscan,median,2.0,79,-32.05809883973326,117.08622147389846
3.8,1858.7,6,6,11,0.5,1476.1,4.6,3.5,4.5,1.1,5,dbscan,median,2.0,80,-31.479883440301663,117.18223213549757
4.6,1063.5,1,4,5,0.2,917.1,4.6,3.9,4.5,1.1,5,dbscan,median,2.0,81,-30.96676193348577,116.71163090261189
3.2,5311.7,45,10,51,0.8,4221.4,4.6,3.5,4.9,1.1,5,dbscan,median,2.0,82,-31.897425755660052,117.05917636892303
3.2,1980.8,12,6,18,0.7,1637.1,4.6,3.2,4.3,1.1,5,dbscan,median,2.0,83,-31.71584967165134,117.67901261757385
3.2,2403.9,16,7,23,0.7,1647.7,4.6,3.3,5.3,1.1,5,dbscan,median,2.0,84,-31.64248872974537,116.87887768185621
3.3,2349.9,10,5,15,0.7,1744.5,4.6,3.1,4.4,1.1,5,dbscan,median,2.0,85,-31.817675275154894,116.93581750929746
3.1,2146.1,15,4,18,0.8,1453.0,4.6,3.1,4.0,1.1,5,dbscan,median,2.0,86,-32.398804398148144,116.97349459811142
3.3,2206.5,7,3,10,0.7,1516.5,4.6,3.3,4.4,1.1,5,dbscan,median,2.0,87,-31.274090214947098,117.017659796627
3.6,1348.4,6,1,6,0.9,835.9,4.6,3.7,4.6,1.1,5,dbscan,median,2.0,88,-31.40968439804583,117.25813948904592
3.1,38137.4,2788,133,1467,1.0,15491.8,4.6,3.1,4.6,1.1,5,dbscan,median,2.0,89,-32.12583268173873,116.96216475366764
3.1,10570.9,551,41,389,0.9,6366.3,4.6,3.1,4.6,1.1,5,dbscan,median,2.0,90,-31.631962550981044,117.22094692801797
3.3,1709.5,8,4,11,0.7,1490.7,4.6,3.3,4.9,1.1,5,dbscan,median,2.0,91,-31.47514112170016,117.00315458142558
4.5,1070.6,1,4,5,0.2,982.8,4.5,3.4,4.4,1.1,5,dbscan,median,2.0,92,-32.155845831837624,117.2238797933483
3.8,1241.2,5,1,6,0.8,408.9,4.5,3.6,4.5,1.1,5,dbscan,median,2.0,93,-33.019111893011925,116.89767747685188
3.9,992.8,3,3,6,0.5,819.7,4.5,3.7,4.5,1.1,5,dbscan,median,2.0,94,-31.154206143734044,116.80581813320012
3.6,1698.3,5,4,7,0.6,1325.3,4.5,3.5,4.4,1.1,5,dbscan,median,2.0,95,-31.41074443627451,116.89250962444126
3.0,1403.5,7,3,9,0.7,1238.6,4.5,2.9,4.3,1.1,5,dbscan,median,2.0,96,-31.42635798849843,117.02913140723882
3.5,1729.3,3,5,8,0.4,1233.5,4.5,3.4,4.6,1.1,5,dbscan,median,2.0,97,-31.59278569403791,117.01164887288662
3.4,1929.8,7,2,9,0.8,1140.0,4.5,3.5,4.5,1.1,5,dbscan,median,2.0,98,-32.04999010322085,117.0420535208752
3.8,895.6,5,1,6,0.8,694.9,4.5,3.9,4.5,1.1,5,dbscan,median,2.0,99,-31.382483147321427,117.46657659957629
3.1,1707.6,9,4,13,0.7,1466.3,4.5,3.1,4.7,1.1,5,dbscan,median,2.0,100,-32.93193586309525,117.17876737908328
3.4,1657.3,8,1,9,0.9,829.7,4.5,3.3,4.4,1.1,5,dbscan,median,2.0,101,-31.32731455544124,117.42192984885051
3.6,761.4,4,3,7,0.6,739.3,4.5,3.4,4.3,1.1,5,dbscan,median,2.0,102,-32.40484638552157,117.20759635553651
3.1,3146.8,15,7,22,0.7,2197.2,4.5,3.2,4.4,1.1,5,dbscan,median,2.0,103,-31.988496848695284,117.08887364309211
3.4,1128.7,4,2,6,0.7,748.9,4.5,3.2,4.4,1.1,5,dbscan,median,2.0,104,-32.63801293082292,117.56604616126376
3.5,1804.8,3,5,7,0.4,1119.7,4.5,3.1,4.2,1.1,5,dbscan,median,2.0,105,-31.5942189739229,116.87742241161617
3.1,1280.8,5,1,6,0.8,1044.2,4.5,3.2,4.5,1.1,5,dbscan,median,2.0,106,-31.878692889675484,117.15038319119556
3.4,1325.3,7,2,9,0.8,996.2,4.4,3.4,4.4,1.1,5,dbscan,median,2.0,107,-31.061276495726496,116.77716892064326
3.3,2875.0,16,4,19,0.8,2155.4,4.4,3.3,5.4,1.1,5,dbscan,median,2.0,108,-31.346713286996668,117.33838556529304
3.5,1392.0,4,3,7,0.6,1049.4,4.4,3.5,4.8,1.1,5,dbscan,median,2.0,109,-31.906390241797503,116.88432587391891
3.0,1184.5,4,1,5,0.8,707.3,4.4,2.9,4.3,1.1,5,dbscan,median,2.0,110,-32.036292322831585,116.90602250553258
3.2,4581.4,36,14,46,0.7,3225.5,4.4,3.2,4.3,1.1,5,dbscan,median,2.0,111,-31.996013509971583,117.20505294253381
4.1,960.1,3,2,4,0.6,928.7,4.4,4.2,5.5,1.1,5,dbscan,median,2.0,112,-32.680940459969186,117.44636765104109
3.2,1771.0,4,4,7,0.5,1321.8,4.4,3.2,4.6,1.1,5,dbscan,median,2.0,113,-32.56298564642273,117.06675902012626
3.9,962.3,4,2,6,0.7,918.3,4.4,4.2,5.6,1.1,5,dbscan,median,2.0,114,-30.500433692857413,116.94852596240838
3.2,1826.5,16,2,16,0.9,1499.5,4.4,3.2,4.5,1.1,5,dbscan,median,2.0,115,-32.23578803257257,116.93178897261384
4.4,1047.7,1,3,4,0.2,816.7,4.4,3.4,4.3,1.1,5,dbscan,median,2.0,116,-31.22773474598853,117.01049251703252
3.1,4766.5,46,8,51,0.9,2864.2,4.4,3.2,4.5,1.1,5,dbscan,median,2.0,117,-31.648885224367525,116.98864267100706
3.5,1319.4,3,5,8,0.4,1074.0,4.4,3.1,4.3,1.1,5,dbscan,median,2.0,118,-31.71342552478306,116.96859012451064
3.6,1400.4,3,4,7,0.4,1228.7,4.4,3.5,4.4,1.1,5,dbscan,median,2.0,119,-32.13446135961329,117.10580694717056
3.3,1575.1,6,3,9,0.7,1190.2,4.4,3.3,4.2,1.1,5,dbscan,median,2.0,120,-31.84217905709597,117.46515140908704
3.0,1340.8,5,3,8,0.6,1173.1,4.4,3.1,4.2,1.1,5,dbscan,median,2.0,121,-32.74233362099253,117.1582152285167
2.9,2825.0,9,10,17,0.5,2004.9,4.4,3.1,4.4,1.1,5,dbscan,median,2.0,122,-32.53942108813254,117.03206220238096
3.3,2809.4,11,5,15,0.7,2213.3,4.3,3.2,4.5,1.1,5,dbscan,median,2.0,123,-32.70492399470899,117.05949584104935
3.7,1388.6,2,4,6,0.3,1293.8,4.3,3.6,4.5,1.1,5,dbscan,median,2.0,124,-30.91521216866296,116.79767503659907
3.1,1990.4,11,6,16,0.6,1648.4,4.3,3.1,4.3,1.1,5,dbscan,median,2.0,125,-31.66868615162037,117.77318576388888
3.1,1977.1,7,3,10,0.7,1313.7,4.3,3.4,5.6,1.1,5,dbscan,median,2.0,126,-32.88936579314494,116.96895236413044
3.3,887.2,2,4,6,0.3,749.2,4.3,3.6,6.0,1.1,5,dbscan,median,2.0,127,-32.65338539938071,117.13241742198772
3.4,2412.3,8,4,12,0.7,2065.3,4.3,3.2,4.3,1.1,5,dbscan,median,2.0,128,-31.28052943683708,116.8638422484338
4.3,999.4,1,4,4,0.2,927.1,4.3,3.7,4.3,1.1,5,dbscan,median,2.0,129,-30.92839949018959,116.74938446318342
3.6,2466.0,9,5,12,0.6,1668.2,4.3,3.5,4.4,1.1,5,dbscan,median,2.0,130,-31.655750013419215,117.90762952664396
3.3,1593.4,7,6,13,0.5,1539.0,4.3,3.1,4.3,1.1,5,dbscan,median,2.0,131,-31.804994005310455,117.17897236519607
3.1,1150.3,4,2,6,0.7,901.6,4.3,3.5,5.3,1.1,5,dbscan,median,2.0,132,-31.776713121593563,117.4673455124569
3.2,1781.5,6,5,11,0.5,1455.5,4.3,2.9,4.2,1.1,5,dbscan,median,2.0,133,-31.92875415713384,117.30308998969275
3.5,1067.8,2,3,5,0.4,895.3,4.3,3.0,4.1,1.1,5,dbscan,median,2.0,134,-31.508944615656805,117.56550209440113
3.1,1689.3,5,2,7,0.7,1111.9,4.3,3.2,4.5,1.1,5,dbscan,median,2.0,135,-31.55082363425926,116.89955156831552
3.4,2627.8,5,6,10,0.5,1892.1,4.3,3.5,4.4,1.1,5,dbscan,median,2.0,136,-32.465252880910754,117.64072041771884
3.0,2431.2,9,6,15,0.6,1851.9,4.3,2.9,4.2,1.1,5,dbscan,median,2.0,137,-31.558465541125535,117.7961479758089
4.3,1096.4,1,4,5,0.2,1080.0,4.3,4.1,5.3,1.1,5,dbscan,median,2.0,138,-31.31705423421934,117.09985154142238
3.0,1364.1,5,1,6,0.8,631.2,4.3,2.9,4.2,1.1,5,dbscan,median,2.0,139,-31.86986575063054,117.45108138463718
3.3,4067.9,21,5,25,0.8,2590.1,4.3,3.3,4.4,1.1,5,dbscan,median,2.0,140,-31.820615477245862,117.59575804849086
3.4,2259.3,17,6,22,0.7,2110.7,4.3,3.3,4.2,1.1,5,dbscan,median,2.0,141,-31.30283966939696,116.82359775132277
4.2,1059.2,1,4,5,0.2,777.2,4.2,3.2,4.2,1.1,5,dbscan,median,2.0,142,-32.24418410910087,117.3949755697092
3.2,4167.1,26,8,30,0.8,3103.8,4.2,3.3,4.4,1.1,5,dbscan,median,2.0,143,-32.788167208198935,117.07017493569626
3.4,1918.9,7,3,10,0.7,1170.2,4.2,3.3,4.2,1.1,5,dbscan,median,2.0,144,-32.25249720117846,117.22135918382476
3.5,829.5,4,2,5,0.7,768.0,4.2,3.8,4.5,1.1,5,dbscan,median,2.0,145,-31.23932743428913,116.8448428572762
3.1,2397.2,14,4,16,0.8,1658.8,4.2,3.0,4.2,1.1,5,dbscan,median,2.0,146,-33.01945555378167,116.87415986950579
3.2,1428.3,5,2,6,0.7,1006.0,4.2,3.2,4.4,1.1,5,dbscan,median,2.0,147,-31.53861432491987,117.2444536888172
3.2,2307.2,9,6,15,0.6,1605.5,4.2,3.2,4.2,1.1,5,dbscan,median,2.0,148,-32.51204533110119,116.89351789252822
3.7,805.6,5,1,6,0.8,614.8,4.2,3.7,4.2,1.1,5,dbscan,median,2.0,149,-31.71768174242424,116.9200275147717
3.5,1157.5,2,4,6,0.3,1008.2,4.2,3.6,5.4,1.1,5,dbscan,median,2.0,150,-32.993112746567036,117.03231335279057
3.3,1789.8,7,3,9,0.7,1576.0,4.2,3.2,4.1,1.1,5,dbscan,median,2.0,151,-31.34675053701841,117.4134119970718
3.3,861.9,6,0,6,1.0,828.3,4.2,3.3,4.2,1.1,5,dbscan,median,2.0,152,-31.70700548828814,117.30246354519463
3.3,1726.5,5,4,9,0.6,1187.2,4.2,3.1,4.0,1.1,5,dbscan,median,2.0,153,-32.826900956221195,116.90110891203705
3.4,1365.3,5,2,7,0.7,1091.7,4.2,4.4,7.4,1.1,5,dbscan,median,2.0,154,-30.898072907283847,116.72121452659768
3.8,1276.5,2,3,4,0.4,914.0,4.2,3.8,4.6,1.1,5,dbscan,median,2.0,155,-31.36702462872485,117.30717194263093
3.4,2358.3,13,4,15,0.8,1579.5,4.2,3.3,4.1,1.1,5,dbscan,median,2.0,156,-31.55787404608906,117.30427933194504
3.6,2294.8,6,7,13,0.5,1752.5,4.2,3.4,4.5,1.1,5,dbscan,median,2.0,157,-31.458897699951258,117.24701349709599
3.4,1618.6,5,6,11,0.5,1530.7,4.2,3.3,4.9,1.1,5,dbscan,median,2.0,158,-31.747570750661374,117.2738369694368
3.4,1715.4,7,4,10,0.6,1116.1,4.1,3.4,4.3,1.1,5,dbscan,median,2.0,159,-32.12263834024772,117.13054964225589
3.1,2407.1,14,6,19,0.7,1724.6,4.1,3.1,4.0,1.1,5,dbscan,median,2.0,160,-31.695138042686587,116.89316368086014
3.2,1713.6,5,3,8,0.6,1067.2,4.1,3.1,4.2,1.1,5,dbscan,median,2.0,161,-32.98195697851483,116.89526891227165
3.2,3563.0,12,6,18,0.7,2726.0,4.1,3.1,4.1,1.1,5,dbscan,median,2.0,162,-31.933283732801875,117.45847413789284
3.0,1470.2,5,2,5,0.7,977.4,4.1,3.0,4.2,1.1,5,dbscan,median,2.0,163,-31.771013447971782,117.50740016534392
2.9,1308.8,8,1,9,0.9,826.4,4.1,3.1,4.7,1.1,5,dbscan,median,2.0,164,-32.9102346675362,117.17789415817631
3.2,933.6,6,0,6,1.0,412.9,4.1,3.2,4.1,1.1,5,dbscan,median,2.0,165,-31.89635601655356,117.49238882222917
2.9,1207.9,8,1,9,0.9,863.3,4.1,3.0,4.2,1.1,5,dbscan,median,2.0,166,-31.401609426272568,116.99305892746914
3.0,1524.0,7,2,9,0.8,921.6,4.1,2.8,4.0,1.1,5,dbscan,median,2.0,167,-31.921565707671956,117.01040038556864
3.2,2118.1,9,6,15,0.6,1932.8,4.1,3.2,4.3,1.1,5,dbscan,median,2.0,168,-32.179198116883114,117.15070484567904
3.5,1757.0,5,5,10,0.5,1571.8,4.1,3.8,5.8,1.1,5,dbscan,median,2.0,169,-31.673613985272297,116.93776363979934
3.4,1372.2,5,1,6,0.8,541.5,4.1,3.3,4.0,1.1,5,dbscan,median,2.0,170,-30.858904074074076,116.79097421296296
3.3,1800.7,7,3,9,0.7,1154.0,4.1,3.1,4.1,1.1,5,dbscan,median,2.0,171,-31.559786345602735,117.74376995192308
3.4,1688.7,6,3,9,0.7,1181.5,4.1,3.6,4.4,1.1,5,dbscan,median,2.0,172,-31.422288726721256,117.16318609784764
3.1,1761.2,7,3,9,0.7,1412.4,4.1,2.9,4.0,1.1,5,dbscan,median,2.0,173,-31.6523440645774,116.83197534521804
3.5,1402.4,5,3,8,0.6,1101.8,4.1,3.3,4.0,1.1,5,dbscan,median,2.0,174,-31.30700835141355,117.41122282783851
3.6,1525.8,4,3,7,0.6,1381.3,4.1,3.3,4.1,1.1,5,dbscan,median,2.0,175,-32.35948365184298,116.94053423437856
3.2,2299.0,7,6,13,0.5,1445.9,4.1,3.0,4.0,1.1,5,dbscan,median,2.0,176,-31.639464293981483,117.8330532844964
3.2,1390.7,8,3,11,0.7,1155.8,4.0,3.2,4.3,1.1,5,dbscan,median,2.0,177,-31.361016445307154,117.06611082085647
3.4,1552.1,6,3,9,0.7,1444.0,4.0,3.4,4.1,1.1,5,dbscan,median,2.0,178,-31.627226101509486,117.7466949765719
3.0,2351.2,10,7,16,0.6,1746.5,4.0,3.1,4.6,1.1,5,dbscan,median,2.0,179,-31.902123909970662,117.11864590940291
4.0,919.2,1,2,3,0.3,786.6,4.0,3.3,4.0,1.1,5,dbscan,median,2.0,180,-32.079888808963986,117.17544476851046
3.0,2075.6,14,4,17,0.8,1678.4,4.0,3.1,4.1,1.1,5,dbscan,median,2.0,181,-31.787846761607405,117.56337152088844
2.9,2382.2,8,8,15,0.5,1834.1,4.0,3.0,4.0,1.1,5,dbscan,median,2.0,182,-32.52490091633609,117.07897165460403
3.0,3360.3,12,3,15,0.8,2132.0,4.0,3.1,4.3,1.1,5,dbscan,median,2.0,183,-31.981447253128813,117.32317931279601
3.4,1282.9,2,4,6,0.3,1090.4,4.0,3.2,4.2,1.1,5,dbscan,median,2.0,184,-31.75873588307644,117.44289453729866
3.4,1410.6,2,5,6,0.3,1246.6,4.0,3.4,4.2,1.1,5,dbscan,median,2.0,185,-32.2971466023078,117.05423024410774
4.0,1020.7,1,4,5,0.2,938.0,4.0,3.7,4.5,1.1,5,dbscan,median,2.0,186,-31.467132451577857,116.8606732641895
2.9,1994.4,6,2,8,0.8,988.5,4.0,3.0,3.9,1.1,5,dbscan,median,2.0,187,-32.82663019633757,117.11834272971933
3.7,1108.2,2,4,6,0.3,988.6,4.0,3.7,4.3,1.1,5,dbscan,median,2.0,188,-31.261351247427083,117.37697145784325
3.4,1780.4,4,4,8,0.5,1252.3,4.0,3.1,3.8,1.1,5,dbscan,median,2.0,189,-31.87943660310205,117.09417022767173
3.0,1868.6,7,5,12,0.6,1222.1,4.0,3.0,3.8,1.1,5,dbscan,median,2.0,190,-32.139340399086834,117.06764176106302
3.0,2210.5,11,3,13,0.8,1468.3,4.0,3.0,3.9,1.1,5,dbscan,median,2.0,191,-31.595359027777786,117.7971490668852
4.0,846.2,1,4,5,0.2,654.5,4.0,3.4,3.9,1.1,5,dbscan,median,2.0,192,-32.485064787903454,117.6834244736827
3.0,1212.4,5,3,8,0.6,1048.9,4.0,3.2,4.0,1.1,5,dbscan,median,2.0,193,-31.40013738173507,117.42566702946326
3.0,1804.2,7,2,8,0.8,1050.1,4.0,3.0,4.3,1.1,5,dbscan,median,2.0,194,-31.55820262276786,117.5076977245219
3.0,2509.3,7,3,10,0.7,1916.7,4.0,3.0,3.9,1.1,5,dbscan,median,2.0,195,-32.01727285761458,117.04484581775552
3.3,1254.5,3,3,5,0.5,762.2,4.0,3.1,3.9,1.1,5,dbscan,median,2.0,196,-31.62481135149573,117.39002942485754
2.9,917.8,9,0,9,1.0,801.9,4.0,2.9,4.0,1.1,5,dbscan,median,2.0,197,-31.445524971891537,117.0379972613632
3.5,1321.2,2,3,5,0.4,994.0,4.0,3.6,4.1,1.1,5,dbscan,median,2.0,198,-31.658762081113768,117.74760649418178
3.1,2364.9,9,3,11,0.8,1562.8,4.0,3.5,6.0,1.1,5,dbscan,median,2.0,199,-32.89410639880953,117.13834765151516
3.4,1688.0,9,3,11,0.8,1593.6,3.9,3.3,3.9,1.1,5,dbscan,median,2.0,200,-32.95772791458886,117.01315456349208
3.1,1885.2,5,5,10,0.5,1736.5,3.9,3.1,3.9,1.1,5,dbscan,median,2.0,201,-32.8810496992809,117.1849674454661
3.4,1116.3,4,3,7,0.6,982.2,3.9,3.1,3.8,1.1,5,dbscan,median,2.0,202,-31.712615604955676,117.74356138182696
3.4,1604.8,3,3,6,0.5,812.3,3.9,3.2,3.9,1.1,5,dbscan,median,2.0,203,-31.39456141219707,117.5002199404762
3.7,684.7,2,3,4,0.4,655.6,3.9,3.3,3.9,1.1,5,dbscan,median,2.0,204,-31.2079677548924,116.84755896057658
3.1,2177.3,11,4,14,0.7,1692.4,3.9,3.0,3.8,1.1,5,dbscan,median,2.0,205,-31.420675039682543,116.82837430555554
3.0,3568.9,19,7,24,0.7,2684.2,3.9,3.0,4.1,1.1,5,dbscan,median,2.0,206,-31.57518470883191,117.60280242215056
3.9,1001.2,1,4,5,0.2,789.7,3.9,3.8,5.4,1.1,5,dbscan,median,2.0,207,-31.48172765133831,117.43962776805166
3.5,1398.8,2,4,6,0.3,889.1,3.9,3.7,4.8,1.1,5,dbscan,median,2.0,208,-32.493443252438176,117.73369182327664
3.3,1265.9,4,3,7,0.6,1048.3,3.9,3.6,5.2,1.1,5,dbscan,median,2.0,209,-31.614999986171895,117.11674517141921
3.3,1698.0,4,7,11,0.4,1235.6,3.9,3.7,5.5,1.1,5,dbscan,median,2.0,210,-31.312166375373593,117.32528732247252
3.2,1485.4,5,4,9,0.6,1344.4,3.9,3.2,4.3,1.1,5,dbscan,median,2.0,211,-31.86191467793367,117.24434988425926
3.9,819.0,1,4,4,0.2,794.6,3.9,3.4,4.1,1.1,5,dbscan,median,2.0,212,-31.762238131177043,117.09436124190051
3.2,1809.6,10,2,11,0.8,987.4,3.9,3.3,4.5,1.1,5,dbscan,median,2.0,213,-32.792132227941174,116.88116938938542
3.5,1200.9,2,5,7,0.3,1191.9,3.9,3.4,4.9,1.1,5,dbscan,median,2.0,214,-31.653012952091082,116.901319420486
3.5,1426.9,2,6,7,0.2,1004.3,3.9,3.5,4.2,1.1,5,dbscan,median,2.0,215,-32.102518876969846,117.08152123267959
3.7,1077.4,3,3,5,0.5,702.3,3.9,3.4,3.9,1.1,5,dbscan,median,2.0,216,-31.40509055059524,117.30278206535576
3.2,2180.0,11,8,19,0.6,1817.9,3.9,3.0,3.8,1.1,5,dbscan,median,2.0,217,-32.06877230415155,117.14789365508624
3.4,1310.2,3,3,6,0.5,806.9,3.9,3.3,4.2,1.1,5,dbscan,median,2.0,218,-32.83647389300893,117.33846551464558
3.9,1083.9,1,4,5,0.2,971.2,3.9,4.0,6.3,1.1,5,dbscan,median,2.0,219,-32.93926779100529,117.7107191511387
3.3,1276.3,6,2,8,0.8,1021.5,3.9,3.4,4.4,1.1,5,dbscan,median,2.0,220,-30.909883983898695,116.77700781600556
3.1,3121.1,11,6,16,0.6,2181.7,3.9,3.0,4.0,1.1,5,dbscan,median,2.0,221,-31.965514922993854,117.33031341427308
3.1,1294.3,5,2,7,0.7,687.0,3.9,3.1,3.9,1.1,5,dbscan,median,2.0,222,-32.288162053571426,117.81509254358524
3.2,2649.2,6,6,12,0.5,2205.8,3.9,3.8,5.6,1.1,5,dbscan,median,2.0,223,-31.83081788964475,116.87640779962679
3.7,993.3,2,3,5,0.4,879.0,3.9,3.3,4.1,1.1,5,dbscan,median,2.0,224,-32.192384435074956,117.19963222993829
3.2,1983.3,12,3,13,0.8,1312.2,3.8,3.0,3.8,1.1,5,dbscan,median,2.0,225,-31.762958825973413,116.95157294176352
3.4,1186.1,2,4,6,0.3,1100.4,3.8,4.4,8.0,1.1,5,dbscan,median,2.0,226,-31.929886437706088,117.34780178702056
3.3,1399.9,4,2,5,0.7,782.4,3.8,3.1,3.8,1.1,5,dbscan,median,2.0,227,-31.524857481211882,117.74182602498092
3.1,976.5,2,3,5,0.4,866.1,3.8,2.9,3.8,1.1,5,dbscan,median,2.0,228,-31.93440897713671,117.51888400792367
3.8,1029.1,2,3,4,0.4,850.2,3.8,3.6,4.2,1.1,5,dbscan,median,2.0,229,-31.786586548120095,116.94277256348205
3.1,2050.0,4,4,8,0.5,1594.5,3.8,3.2,3.9,1.1,5,dbscan,median,2.0,230,-32.65789660959858,117.07723763797568
3.1,3606.7,21,11,31,0.7,2850.8,3.8,3.3,4.2,1.1,5,dbscan,median,2.0,231,-31.7719005787037,116.8943871918964
3.1,1345.2,3,4,6,0.4,847.9,3.8,3.2,4.4,1.1,5,dbscan,median,2.0,232,-32.29898206359374,117.20355465750276
3.0,1090.6,5,1,6,0.8,744.5,3.8,2.9,3.8,1.1,5,dbscan,median,2.0,233,-31.780812996031745,117.36256273896292
3.1,1486.2,5,1,6,0.8,480.3,3.8,3.1,3.8,1.1,5,dbscan,median,2.0,234,-32.78509598974043,117.36047278947903
2.9,1235.8,5,2,6,0.7,1083.6,3.8,3.0,3.7,1.1,5,dbscan,median,2.0,235,-31.919016532888406,117.16823302970178
3.4,785.4,5,0,4,1.0,529.1,3.8,3.4,3.8,1.1,5,dbscan,median,2.0,236,-31.26993487827206,117.43907469337324
3.1,1643.4,5,1,6,0.8,827.6,3.8,3.3,4.1,1.1,5,dbscan,median,2.0,237,-31.49955422077311,117.41669139095904
3.1,1839.1,4,6,10,0.4,1353.4,3.8,3.0,3.8,1.1,5,dbscan,median,2.0,238,-32.10067493865502,117.15239272261303
3.0,734.1,7,0,6,1.0,448.3,3.8,3.0,3.8,1.1,5,dbscan,median,2.0,239,-32.54022640987485,117.6752018507213
3.8,1017.5,1,4,4,0.2,884.1,3.8,3.9,4.7,1.1,5,dbscan,median,2.0,240,-30.82496196685939,116.80044450287596
2.9,1688.2,6,2,8,0.8,1239.9,3.8,3.2,4.1,1.1,5,dbscan,median,2.0,241,-32.98391921971776,116.99352613365497
2.9,1924.8,8,6,14,0.6,1518.4,3.8,2.8,3.6,1.1,5,dbscan,median,2.0,242,-32.697513693783065,117.18651467928487
3.8,768.5,1,4,5,0.2,761.5,3.8,3.3,3.7,1.1,5,dbscan,median,2.0,243,-31.760053246253804,117.57650508390364
3.1,1191.1,4,2,6,0.7,1170.0,3.8,3.2,3.8,1.1,5,dbscan,median,2.0,244,-31.30996444604947,116.84986709486026
2.8,1595.8,4,5,9,0.4,1356.0,3.7,3.1,4.2,1.1,5,dbscan,median,2.0,245,-31.975697703160378,117.12614005692011
3.2,915.0,2,3,5,0.4,718.8,3.7,3.1,3.8,1.1,5,dbscan,median,2.0,246,-32.417299869393005,116.90685722748479
3.5,1513.4,2,5,7,0.3,1410.3,3.7,3.3,3.9,1.1,5,dbscan,median,2.0,247,-32.90708913334987,117.02446535863095
3.1,1176.8,4,2,6,0.7,964.6,3.7,3.0,3.7,1.1,5,dbscan,median,2.0,248,-32.35504130484651,116.95868035463006
3.0,1799.3,4,6,9,0.4,1364.2,3.7,3.4,4.4,1.1,5,dbscan,median,2.0,249,-31.23461538401319,117.3591118845298
3.0,2393.4,9,6,12,0.6,1848.2,3.7,3.2,3.9,1.1,5,dbscan,median,2.0,250,-31.228779160353533,117.44394659455128
3.3,1517.4,2,5,7,0.3,1003.5,3.7,3.2,4.3,1.1,5,dbscan,median,2.0,251,-32.33244125174016,117.17082176486417
3.5,1266.7,3,4,7,0.4,992.4,3.7,3.2,3.7,1.1,5,dbscan,median,2.0,252,-31.84347792438271,117.0426347318056
3.3,1335.8,2,4,6,0.3,1265.3,3.7,3.0,3.7,1.1,5,dbscan,median,2.0,253,-31.853278334542544,117.1923039043145
3.1,1378.6,5,1,6,0.8,655.8,3.7,3.1,3.7,1.1,5,dbscan,median,2.0,254,-31.45959041005291,117.55360101190476
3.2,1866.9,6,6,12,0.5,1530.9,3.7,3.3,4.1,1.1,5,dbscan,median,2.0,255,-31.418941421562284,117.51644289029147
3.1,1249.0,2,4,6,0.3,1228.3,3.7,3.8,4.7,1.1,5,dbscan,median,2.0,256,-31.181622980006424,117.33079641358178
3.1,1490.3,4,2,6,0.7,955.6,3.7,3.0,3.6,1.1,5,dbscan,median,2.0,257,-31.181373016528333,118.08802563512876
2.9,1663.5,5,5,10,0.5,1332.5,3.7,3.2,4.9,1.1,5,dbscan,median,2.0,258,-31.661062648827993,117.01689392857142
2.8,3731.2,21,7,26,0.8,1969.1,3.7,2.9,3.7,1.1,5,dbscan,median,2.0,259,-31.891246240981243,117.33986152006172
3.0,1697.7,7,2,9,0.8,1211.2,3.7,3.0,3.7,1.1,5,dbscan,median,2.0,260,-31.89493811965812,117.2899192602568
3.1,1970.1,3,4,7,0.4,1756.4,3.7,3.0,3.7,1.1,5,dbscan,median,2.0,261,-32.16086693892019,117.05520194027407
3.2,1038.3,2,3,5,0.4,952.1,3.7,4.1,5.3,1.1,5,dbscan,median,2.0,262,-32.14419365246856,117.25083442926288
3.1,1478.5,5,5,10,0.5,1436.9,3.6,3.0,3.8,1.1,5,dbscan,median,2.0,263,-31.73830040200138,117.65556073908732
3.6,1034.5,1,4,5,0.2,899.2,3.6,3.0,3.6,1.1,5,dbscan,median,2.0,264,-32.72277223250322,117.71581348051062
3.1,1158.1,5,1,6,0.8,708.8,3.6,3.1,3.6,1.1,5,dbscan,median,2.0,265,-32.514639547653864,116.99551722702692
2.9,1139.4,6,3,9,0.7,1122.9,3.6,3.4,4.8,1.1,5,dbscan,median,2.0,266,-32.16383591311275,117.61225528211806
3.0,1250.9,2,4,6,0.3,1110.0,3.6,2.8,3.6,1.1,5,dbscan,median,2.0,267,-32.32664036178055,117.13830634529455
3.2,1131.9,4,2,5,0.7,797.9,3.6,3.1,3.6,1.1,5,dbscan,median,2.0,268,-31.51517697139728,116.85784482950355
3.6,1026.9,1,4,5,0.2,937.9,3.6,3.3,4.5,1.1,5,dbscan,median,2.0,269,-32.60849282110142,116.88724503675758
3.4,934.7,2,3,5,0.4,851.7,3.6,2.9,3.5,1.1,5,dbscan,median,2.0,270,-32.721785201077495,117.3320295039203
2.8,2770.4,19,3,22,0.9,1846.0,3.6,2.9,4.7,1.1,5,dbscan,median,2.0,271,-31.830089777661065,117.0847299156746
3.6,1024.5,1,4,5,0.2,901.2,3.6,3.0,3.8,1.1,5,dbscan,median,2.0,272,-32.15970969733174,117.57367163836264
3.6,1069.8,1,5,5,0.2,947.7,3.6,3.3,4.1,1.1,5,dbscan,median,2.0,273,-31.948233716063044,117.12004226705042
3.1,1138.6,3,3,6,0.5,779.8,3.6,3.2,3.7,1.1,5,dbscan,median,2.0,274,-32.131007509920636,117.69448153193257
3.6,1067.7,1,3,4,0.2,1015.6,3.6,3.2,4.0,1.1,5,dbscan,median,2.0,275,-32.77570564530634,116.8905921539018
3.3,1463.1,2,6,8,0.2,1278.7,3.6,3.2,4.1,1.1,5,dbscan,median,2.0,276,-31.871873992901456,117.51631836062214
3.2,1146.7,5,1,6,0.8,915.4,3.6,3.1,3.6,1.1,5,dbscan,median,2.0,277,-32.5541330823191,117.09333219288794
2.7,948.4,5,1,6,0.8,815.6,3.6,3.2,5.2,1.1,5,dbscan,median,2.0,278,-31.379643627173085,117.2040588547208
3.0,2167.8,8,5,13,0.6,1650.0,3.6,3.1,3.8,1.1,5,dbscan,median,2.0,279,-32.82350394274418,117.1875020596593
3.2,1399.1,6,2,7,0.8,1161.7,3.6,3.1,3.6,1.1,5,dbscan,median,2.0,280,-31.79655246791748,117.25726622647343
3.0,1640.3,18,3,21,0.9,1617.9,3.6,3.0,3.5,1.1,5,dbscan,median,2.0,281,-31.179194009410068,117.38207796920396
3.5,1365.4,2,4,6,0.3,1235.4,3.6,3.4,3.7,1.1,5,dbscan,median,2.0,282,-32.44384252612873,116.96728409831746
3.6,1039.8,1,4,5,0.2,939.6,3.6,4.1,5.7,1.1,5,dbscan,median,2.0,283,-32.98557564016173,116.96423009009683
2.8,505.3,6,0,6,1.0,497.3,3.5,2.8,3.5,1.1,5,dbscan,median,2.0,284,-31.959583920418638,117.06067383457403
3.1,1277.5,2,4,6,0.3,1105.9,3.5,3.6,4.1,1.1,5,dbscan,median,2.0,285,-31.769386092553674,116.91991911463334
3.3,838.7,3,2,5,0.6,624.8,3.5,3.5,3.7,1.1,5,dbscan,median,2.0,286,-31.75563791172967,117.00958933989014
2.9,1970.7,6,3,9,0.7,1353.7,3.5,3.1,4.0,1.1,5,dbscan,median,2.0,287,-31.771540348939745,117.2894415954416
2.9,1659.3,3,4,7,0.4,1482.4,3.5,3.4,4.5,1.1,5,dbscan,median,2.0,288,-32.75190542339605,116.8839044251398
3.4,868.2,2,3,5,0.4,566.8,3.5,3.4,3.9,1.1,5,dbscan,median,2.0,289,-31.614822755432712,117.85600119052376
2.9,1502.1,3,4,7,0.4,1010.1,3.5,2.8,3.4,1.1,5,dbscan,median,2.0,290,-32.86213286531924,117.15411805552722
2.9,1867.7,10,4,14,0.7,1386.0,3.5,3.1,4.7,1.1,5,dbscan,median,2.0,291,-31.984565214800632,117.16302912051322
3.5,1090.6,1,5,6,0.2,880.3,3.5,3.5,4.7,1.1,5,dbscan,median,2.0,292,-31.096980742945323,117.79053333333334
3.1,1221.4,4,4,8,0.5,1090.7,3.5,3.0,3.4,1.1,5,dbscan,median,2.0,293,-32.14605605725899,117.1515594732922
3.3,902.7,3,2,5,0.6,833.4,3.5,3.2,3.7,1.1,5,dbscan,median,2.0,294,-32.57101031746032,117.4566742311508
3.5,1049.2,1,4,3,0.2,980.0,3.5,3.5,3.7,1.1,5,dbscan,median,2.0,295,-32.04570014823226,116.80643090370214
3.5,1069.5,1,4,5,0.2,1053.7,3.5,3.0,3.7,1.1,5,dbscan,median,2.0,296,-31.254367181650423,117.25139205743514
3.0,1769.4,4,5,9,0.4,1570.7,3.5,3.0,3.5,1.1,5,dbscan,median,2.0,297,-32.68231628658049,117.08521423379648
3.2,1356.0,2,6,8,0.2,1069.2,3.5,3.4,3.9,1.1,5,dbscan,median,2.0,298,-31.629593907755208,117.36733826442548
2.9,943.0,6,0,6,1.0,810.3,3.5,2.9,3.5,1.1,5,dbscan,median,2.0,299,-31.914097303240744,117.57016735979587
3.1,1154.0,4,4,8,0.5,1100.3,3.5,2.9,3.5,1.1,5,dbscan,median,2.0,300,-32.60002552172526,117.07033206968262
2.9,1298.1,2,4,5,0.3,1184.7,3.5,2.8,3.4,1.1,5,dbscan,median,2.0,301,-32.43950006691114,117.14825673928163
2.9,1650.4,4,4,8,0.5,1040.0,3.5,3.1,4.1,1.1,5,dbscan,median,2.0,302,-31.398308516394437,117.18256435410933
3.4,1099.4,1,4,5,0.2,953.2,3.4,3.2,3.9,1.1,5,dbscan,median,2.0,303,-32.232738051146384,117.45141203703702
3.4,1027.8,1,4,5,0.2,996.8,3.4,3.3,4.5,1.1,5,dbscan,median,2.0,304,-32.661557886604136,118.14080029401154
3.1,1818.4,4,4,8,0.5,1225.0,3.4,3.2,3.6,1.1,5,dbscan,median,2.0,305,-31.897180154292904,117.01944043025043
3.4,981.3,1,4,4,0.2,833.3,3.4,4.2,5.8,1.1,5,dbscan,median,2.0,306,-31.235045338164248,117.16723588308028
3.0,1274.9,4,3,7,0.6,1137.4,3.4,3.2,4.8,1.1,5,dbscan,median,2.0,307,-31.00591492032302,116.78104488190468
2.8,1476.8,5,1,6,0.8,744.6,3.4,3.2,4.8,1.1,5,dbscan,median,2.0,308,-31.966678310456963,117.25454706797996
3.2,1394.4,5,2,7,0.7,1127.4,3.4,3.1,3.4,1.1,5,dbscan,median,2.0,309,-32.71353186758178,117.36424150958996
3.0,1321.3,3,4,7,0.4,1126.5,3.4,3.2,3.9,1.1,5,dbscan,median,2.0,310,-31.93901556785134,117.6476172205688
3.4,1089.5,1,4,5,0.2,1059.8,3.4,3.5,4.0,1.1,5,dbscan,median,2.0,311,-32.20142621527778,117.08043541666666
2.7,774.7,3,2,5,0.6,738.1,3.4,2.9,4.0,1.1,5,dbscan,median,2.0,312,-31.519173833631633,117.202099961069
3.4,989.6,1,4,4,0.2,947.5,3.4,3.1,3.5,1.1,5,dbscan,median,2.0,313,-32.317497238005046,117.68801340225168
3.3,1376.1,2,5,7,0.3,1221.7,3.4,2.9,3.3,1.1,5,dbscan,median,2.0,314,-31.571900129015717,117.83895569829309
3.2,1390.5,2,5,7,0.3,1295.7,3.4,3.1,3.6,1.1,5,dbscan,median,2.0,315,-32.77914225813323,117.13997364996203
3.3,1080.4,1,4,5,0.2,932.7,3.3,3.6,4.7,1.1,5,dbscan,median,2.0,316,-32.61599564534231,117.04069901234568
3.0,1549.7,3,4,6,0.4,986.8,3.3,2.7,3.3,1.1,5,dbscan,median,2.0,317,-32.1726060737782,117.28448683068348
3.1,753.9,3,2,5,0.6,712.6,3.3,3.1,3.6,1.1,5,dbscan,median,2.0,318,-31.621176940722172,117.79101620806188
2.9,1415.5,5,4,8,0.6,1336.4,3.3,3.0,3.8,1.1,5,dbscan,median,2.0,319,-31.91656199994052,117.25468516865078
3.1,756.9,3,2,5,0.6,649.6,3.3,3.1,3.4,1.1,5,dbscan,median,2.0,320,-31.206169118686866,117.35280598896036
2.8,1383.6,2,5,7,0.3,1250.2,3.3,2.9,3.5,1.1,5,dbscan,median,2.0,321,-32.56961161328063,116.93777530779087
3.3,1007.1,1,5,6,0.2,864.1,3.3,3.3,4.2,1.1,5,dbscan,median,2.0,322,-31.876553188657404,117.1966349826389
3.3,1009.7,1,4,5,0.2,920.2,3.3,2.7,3.2,1.1,5,dbscan,median,2.0,323,-31.96647994231335,118.0256221367578
3.3,1030.6,1,2,3,0.3,1013.5,3.3,3.1,3.4,1.1,5,dbscan,median,2.0,324,-31.655647835659252,117.76348895818312
2.7,1460.1,5,3,8,0.6,1376.9,3.3,2.9,3.5,1.1,5,dbscan,median,2.0,325,-31.810471789021165,116.8755864875714
2.9,1210.0,4,2,6,0.7,902.7,3.3,3.0,3.4,1.1,5,dbscan,median,2.0,326,-31.543155527827544,116.86409548134259
3.3,1055.3,1,4,5,0.2,1047.2,3.3,3.0,4.0,1.1,5,dbscan,median,2.0,327,-32.85816777319903,116.86909554620728
3.1,1528.5,4,4,8,0.5,1319.8,3.3,3.2,3.8,1.1,5,dbscan,median,2.0,328,-32.650707826338866,117.0476348203988
2.8,1291.8,5,2,7,0.7,1003.6,3.3,3.1,4.0,1.1,5,dbscan,median,2.0,329,-31.69967756244617,117.11549162147269
3.1,1450.1,2,5,7,0.3,1204.0,3.2,3.1,3.6,1.1,5,dbscan,median,2.0,330,-31.968398080298684,117.38366128284889
3.0,1320.0,2,4,6,0.3,957.1,3.2,3.1,3.6,1.1,5,dbscan,median,2.0,331,-31.595086926495487,117.27636118498091
2.8,719.6,3,2,5,0.6,562.5,3.2,3.2,4.0,1.1,5,dbscan,median,2.0,332,-32.86511475363756,117.06108514136903
2.6,1206.1,4,3,6,0.6,838.5,3.2,3.3,5.9,1.1,5,dbscan,median,2.0,333,-31.72154321192856,117.5454749104682
3.0,1299.4,3,4,7,0.4,978.2,3.2,3.1,3.5,1.1,5,dbscan,median,2.0,334,-32.19896664711587,117.29999260823324
2.6,1836.5,5,3,8,0.6,1162.3,3.2,2.7,3.6,1.1,5,dbscan,median,2.0,335,-31.93882531893055,117.18767998925264
2.7,1364.8,3,4,7,0.4,1160.6,3.2,3.6,5.8,1.1,5,dbscan,median,2.0,336,-31.73482427112154,117.78921800848433
2.7,1587.4,4,3,7,0.6,1383.0,3.2,3.8,7.7,1.1,5,dbscan,median,2.0,337,-31.79201970195459,117.06952943723441
2.9,1218.8,5,3,8,0.6,1110.2,3.2,2.9,3.5,1.1,5,dbscan,median,2.0,338,-32.28744449696545,117.62785747023808
2.8,1140.8,2,4,6,0.3,1086.0,3.2,3.0,3.5,1.1,5,dbscan,median,2.0,339,-31.76235726099855,117.9552620990251
2.9,1166.0,2,4,6,0.3,932.3,3.1,3.5,6.0,1.1,5,dbscan,median,2.0,340,-32.56857802636948,117.04483404992236
3.1,1067.6,1,3,4,0.2,975.6,3.1,2.9,3.4,1.1,5,dbscan,median,2.0,341,-32.503662311517274,116.86566501821486
2.6,1440.0,3,4,7,0.4,1169.8,3.1,2.9,4.0,1.1,5,dbscan,median,2.0,342,-31.71175520089286,117.17679809151784
3.0,1157.1,3,5,8,0.4,1114.6,3.1,2.8,3.3,1.1,5,dbscan,median,2.0,343,-31.472202136136712,117.29733448788508
3.1,1081.3,1,4,5,0.2,971.7,3.1,2.7,3.1,1.1,5,dbscan,median,2.0,344,-32.55553897798742,117.11688886661426
2.8,1803.9,5,4,9,0.6,1226.2,3.1,2.8,3.2,1.1,5,dbscan,median,2.0,345,-32.25434102204984,117.1925972148177
3.1,1093.7,1,4,3,0.2,1083.8,3.1,3.7,4.1,1.1,5,dbscan,median,2.0,346,-31.50181868686869,117.4773746338384
3.1,1001.2,1,4,4,0.2,970.9,3.1,3.5,4.3,1.1,5,dbscan,median,2.0,347,-31.91796070977633,117.91842971831412
3.1,912.0,1,4,5,0.2,869.9,3.1,3.4,4.3,1.1,5,dbscan,median,2.0,348,-31.30136969348659,117.2954861494253
2.9,915.0,2,3,5,0.4,903.1,3.1,3.2,4.1,1.1,5,dbscan,median,2.0,349,-31.16345170342499,117.01006256977871
3.1,865.0,1,4,5,0.2,799.6,3.1,3.1,4.1,1.1,5,dbscan,median,2.0,350,-31.54137157738095,117.16011164434524
2.9,841.7,2,3,5,0.4,825.1,3.1,3.4,5.1,1.1,5,dbscan,median,2.0,351,-32.38332072823067,117.3989876054685
3.1,1030.0,1,5,5,0.2,1028.8,3.1,3.0,3.8,1.1,5,dbscan,median,2.0,352,-31.46540874555282,117.11812021381996
3.1,965.3,1,4,5,0.2,897.0,3.1,3.4,4.1,1.1,5,dbscan,median,2.0,353,-32.87232044609789,117.25986260722551
2.8,993.8,4,2,6,0.7,715.7,3.1,2.8,3.1,1.1,5,dbscan,median,2.0,354,-32.636381803793725,117.05767290361031
2.9,1531.2,3,6,8,0.3,1242.6,3.1,3.3,3.8,1.1,5,dbscan,median,2.0,355,-31.832477175227176,117.28866462428336
2.5,1641.4,3,5,8,0.4,1382.7,3.1,2.8,3.5,1.1,5,dbscan,median,2.0,356,-32.610526362934905,117.01012507385364
3.0,1032.1,1,4,5,0.2,914.4,3.0,4.4,6.8,1.1,5,dbscan,median,2.0,357,-31.453957739197534,118.34269621141974
3.0,982.3,1,4,5,0.2,959.4,3.0,3.3,3.9,1.1,5,dbscan,median,2.0,358,-31.73233722643097,117.10155490319866
3.0,1093.8,1,4,5,0.2,990.9,3.0,3.6,4.4,1.1,5,dbscan,median,2.0,359,-32.445855564574316,117.29896268939392
2.8,1497.8,2,6,8,0.2,1113.1,3.0,2.7,3.1,1.1,5,dbscan,median,2.0,360,-32.49104675379262,116.95501841557216
2.8,1206.4,2,3,5,0.4,1009.1,3.0,3.3,3.9,1.1,5,dbscan,median,2.0,361,-31.864838631943954,117.411138900505
3.0,947.0,1,4,5,0.2,847.3,3.0,3.3,4.6,1.1,5,dbscan,median,2.0,362,-31.82920182107138,117.25073555888306
3.0,1058.3,1,4,5,0.2,942.6,3.0,2.8,3.3,1.1,5,dbscan,median,2.0,363,-32.155470016534395,117.68802965277776
2.6,2095.6,9,2,11,0.8,1481.2,3.0,2.8,3.7,1.1,5,dbscan,median,2.0,364,-31.616810668609094,117.62028312169312
3.0,1081.6,1,4,5,0.2,1077.1,3.0,2.8,3.2,1.1,5,dbscan,median,2.0,365,-32.58101404213447,117.48996568522284
3.0,1077.8,1,4,5,0.2,1012.0,3.0,3.6,4.2,1.1,5,dbscan,median,2.0,366,-31.868905734126987,118.07706268650792
2.7,1310.1,3,3,6,0.5,922.4,3.0,3.0,3.8,1.1,5,dbscan,median,2.0,367,-31.67821989238961,117.07564681481482
3.0,1007.4,1,3,4,0.2,983.7,3.0,3.8,4.2,1.1,5,dbscan,median,2.0,368,-31.829018209148614,117.02726635160982
3.0,996.9,1,2,3,0.3,992.8,3.0,3.4,4.2,1.1,5,dbscan,median,2.0,369,-31.348209855789015,117.50763699353038
2.7,2282.9,4,6,10,0.4,1710.7,3.0,3.5,5.3,1.1,5,dbscan,median,2.0,370,-31.0826419501152,116.80976279470121
3.0,1082.7,1,4,5,0.2,1056.9,3.0,3.7,4.7,1.1,5,dbscan,median,2.0,371,-31.81696753472222,117.48264317129627
2.6,1592.1,3,7,8,0.3,1310.3,2.9,3.1,3.9,1.1,5,dbscan,median,2.0,372,-30.780369361933644,116.91969591431322
2.9,1096.1,1,4,5,0.2,1026.4,2.9,2.4,2.9,1.1,5,dbscan,median,2.0,373,-32.0719104134151,116.86222282144185
2.6,1336.2,5,1,6,0.8,806.5,2.9,2.9,4.1,1.1,5,dbscan,median,2.0,374,-32.409082894044616,117.05869325396824
2.9,1059.9,1,5,6,0.2,969.1,2.9,3.7,4.5,1.1,5,dbscan,median,2.0,375,-31.370629080960235,117.27237696250558
2.7,1280.7,3,4,6,0.4,1104.1,2.9,3.0,4.2,1.1,5,dbscan,median,2.0,376,-31.72321432098765,116.88667035892348
2.9,1060.4,1,4,5,0.2,1029.8,2.9,3.4,4.4,1.1,5,dbscan,median,2.0,377,-31.736826112015752,117.61770452885844
2.7,1555.3,2,5,6,0.3,1338.2,2.9,2.8,3.2,1.1,5,dbscan,median,2.0,378,-31.734648736969234,117.19602161036374
2.9,1025.9,1,4,5,0.2,777.0,2.9,3.9,6.0,1.1,5,dbscan,median,2.0,379,-30.252164325396823,116.653367498557
2.7,1154.4,5,1,6,0.8,650.9,2.9,2.9,3.3,1.1,5,dbscan,median,2.0,380,-31.94505931818182,117.27000045342484
2.9,1009.3,1,4,5,0.2,1001.8,2.9,2.9,3.3,1.1,5,dbscan,median,2.0,381,-31.851592728809912,117.41933776771052
2.9,1068.3,1,5,6,0.2,1067.6,2.9,3.2,3.8,1.1,5,dbscan,median,2.0,382,-31.380503439153443,116.84955966931216
2.5,1318.0,2,6,8,0.2,1259.3,2.8,2.7,3.5,1.1,5,dbscan,median,2.0,383,-32.587376336746914,117.03248045069688
2.8,893.2,2,3,4,0.4,842.7,2.8,2.8,3.3,1.1,5,dbscan,median,2.0,384,-31.75714146453373,117.35464212136243
2.8,1090.5,1,5,6,0.2,970.3,2.8,4.1,5.0,1.1,5,dbscan,median,2.0,385,-30.99061133679778,116.76410747039358
2.8,850.0,2,3,4,0.4,825.3,2.8,3.0,3.3,1.1,5,dbscan,median,2.0,386,-32.72937384081655,117.98993870705645
2.8,998.9,1,4,5,0.2,972.8,2.8,3.0,3.9,1.1,5,dbscan,median,2.0,387,-31.53832840042838,117.02438015221468
2.6,1366.7,4,2,6,0.7,1067.6,2.8,2.9,3.8,1.1,5,dbscan,median,2.0,388,-32.88992225211453,116.8660811194807
2.5,753.5,2,4,5,0.3,685.0,2.8,3.2,4.0,1.1,5,dbscan,median,2.0,389,-31.314548217179237,117.68041531897597
2.6,981.0,4,2,6,0.7,871.9,2.8,3.1,4.3,1.1,5,dbscan,median,2.0,390,-31.85378688031819,117.3219602336876
2.6,1507.0,3,4,7,0.4,1268.2,2.8,4.0,7.4,1.1,5,dbscan,median,2.0,391,-32.94430833333333,117.00602831797708
2.5,1212.1,2,4,6,0.3,1163.1,2.8,2.8,3.3,1.1,5,dbscan,median,2.0,392,-31.96265160613408,117.56631516371729
2.6,1463.9,2,4,6,0.3,985.3,2.8,3.5,5.4,1.1,5,dbscan,median,2.0,393,-31.756488811304436,117.15037583456282
2.5,1396.9,2,5,7,0.3,987.3,2.8,3.1,4.3,1.1,5,dbscan,median,2.0,394,-31.677120897653488,117.44236714945663
2.5,840.2,3,2,4,0.6,786.7,2.8,2.6,2.8,1.1,5,dbscan,median,2.0,395,-31.98845616659859,117.26461789751468
2.8,1068.0,1,4,5,0.2,785.6,2.8,3.0,3.3,1.1,5,dbscan,median,2.0,396,-31.320587550473405,117.28525007396964
2.8,841.0,1,4,5,0.2,781.8,2.8,2.5,2.8,1.1,5,dbscan,median,2.0,397,-32.613356442901235,117.0928528742284
2.7,1147.5,2,4,6,0.3,1116.1,2.8,2.9,3.4,1.1,5,dbscan,median,2.0,398,-31.331903273231788,117.60466048707531
2.8,1062.1,1,4,5,0.2,591.6,2.8,3.1,3.8,1.1,5,dbscan,median,2.0,399,-31.702789550264555,116.83127443783069
2.7,1133.0,2,4,6,0.3,1037.2,2.7,3.0,3.3,1.1,5,dbscan,median,2.0,400,-31.434950229161316,116.98250021400266
2.7,968.3,1,4,4,0.2,923.6,2.7,2.8,3.0,1.1,5,dbscan,median,2.0,401,-32.472753149694896,117.50975148430469
2.5,1570.7,3,5,7,0.4,1245.1,2.7,3.1,4.6,1.1,5,dbscan,median,2.0,402,-31.76402068961131,117.66057406250002
2.7,926.0,1,4,4,0.2,774.7,2.7,2.9,3.2,1.1,5,dbscan,median,2.0,403,-31.984941765873018,117.4718919973545
2.6,1086.5,1,4,5,0.2,984.5,2.6,3.2,3.7,1.1,5,dbscan,median,2.0,404,-32.153931666666665,117.35507555555554
2.5,919.6,2,3,5,0.4,761.3,2.6,3.4,5.0,1.1,5,dbscan,median,2.0,405,-31.345836843570495,116.9841314250746
2.5,1197.6,3,4,7,0.4,1036.6,2.6,2.8,3.9,1.1,5,dbscan,median,2.0,406,-31.81035332435215,117.29190815419004
2.6,1042.8,1,4,5,0.2,858.0,2.6,3.7,5.9,1.1,5,dbscan,median,2.0,407,-32.35212728339947,117.81399555224868
2.6,1077.4,1,4,5,0.2,922.8,2.6,3.5,5.1,1.1,5,dbscan,median,2.0,408,-30.75410896068631,116.86233184062756
2.3,900.9,2,3,5,0.4,885.1,2.6,3.0,3.9,1.1,5,dbscan,median,2.0,409,-31.580927247308615,117.77116696328889
2.5,690.2,3,2,4,0.6,662.8,2.6,3.0,4.3,1.1,5,dbscan,median,2.0,410,-32.0010712421507,117.796606869476
2.6,1022.2,1,4,5,0.2,955.0,2.6,3.4,4.5,1.1,5,dbscan,median,2.0,411,-31.36605299264007,117.4872853860183
2.6,882.5,2,3,5,0.4,874.4,2.6,2.7,3.1,1.1,5,dbscan,median,2.0,412,-32.98414421088157,116.91543892616039
2.6,1063.8,1,3,4,0.2,945.9,2.6,2.9,3.3,1.1,5,dbscan,median,2.0,413,-31.413018513172332,117.5478301830467
2.6,868.4,1,3,4,0.2,868.0,2.6,2.8,3.5,1.1,5,dbscan,median,2.0,414,-32.00262872574956,117.13440189594355
2.6,982.9,1,2,3,0.3,842.4,2.6,2.7,2.9,1.1,5,dbscan,median,2.0,415,-32.928890305717296,117.02006973493133
2.5,1044.1,1,4,4,0.2,992.5,2.5,2.6,2.9,1.1,5,dbscan,median,2.0,416,-31.434865649801587,117.61209968998016
2.5,1061.8,1,4,5,0.2,952.4,2.5,3.1,4.1,1.1,5,dbscan,median,2.0,417,-32.66460436177248,117.16114121858466
2.5,1023.8,1,4,5,0.2,957.1,2.5,3.8,7.7,1.1,5,dbscan,median,2.0,418,-32.45895077584453,117.06538496642249
2.3,967.0,3,2,5,0.6,622.6,2.5,2.3,2.6,1.1,5,dbscan,median,2.0,419,-31.861456624634503,118.12356541529714
2.5,971.1,1,4,5,0.2,951.8,2.5,3.4,4.3,1.1,5,dbscan,median,2.0,420,-31.392596940337516,117.02216175515235
2.5,1053.4,1,4,5,0.2,996.5,2.5,2.8,3.1,1.1,5,dbscan,median,2.0,421,-31.8817679125817,117.77795305521516
2.5,1018.6,1,4,5,0.2,1013.9,2.5,2.8,3.4,1.1,5,dbscan,median,2.0,422,-32.64786045093795,116.88835112794612
2.4,907.2,1,4,5,0.2,897.8,2.4,3.1,3.6,1.1,5,dbscan,median,2.0,423,-31.882930656737415,117.47432491844452
2.4,1040.3,1,3,4,0.2,986.5,2.4,3.7,6.0,1.1,5,dbscan,median,2.0,424,-31.349420017140652,117.49461287714946
2.4,1010.1,1,4,5,0.2,651.0,2.4,2.8,3.1,1.1,5,dbscan,median,2.0,425,-32.49826863425926,117.09180391203704
2.4,948.9,1,4,5,0.2,628.1,2.4,4.1,7.0,1.1,5,dbscan,median,2.0,426,-31.65768141025641,117.80449350605414
2.4,981.0,1,4,5,0.2,922.6,2.4,3.3,4.0,1.1,5,dbscan,median,2.0,427,-32.793882351190476,117.19436671626984
2.3,896.5,1,3,4,0.2,815.3,2.3,2.9,4.4,1.1,5,dbscan,median,2.0,428,-31.70381279761905,117.2644394262566
2.3,864.2,1,4,5,0.2,856.1,2.3,3.5,5.4,1.1,5,dbscan,median,2.0,429,-31.983862362865068,117.4070359377549
2.3,948.2,2,3,5,0.4,923.0,2.3,2.7,3.1,1.1,5,dbscan,median,2.0,430,-31.950421443833942,117.68643658806472
2.3,908.7,1,4,5,0.2,790.9,2.3,3.8,4.4,1.1,5,dbscan,median,2.0,431,-31.93316560185185,117.80208145585316
2.3,1070.4,1,4,5,0.2,720.0,2.3,3.5,4.0,1.1,5,dbscan,median,2.0,432,-32.622598895577795,116.9018520885943
2.3,1004.6,1,4,3,0.2,825.5,2.3,2.9,3.5,1.1,5,dbscan,median,2.0,433,-31.16855892640585,116.941129133105
2.2,912.4,1,4,5,0.2,760.8,2.2,2.9,3.3,1.1,5,dbscan,median,2.0,434,-33.004453894408144,116.91408389461536
2.2,945.2,1,4,5,0.2,876.3,2.2,3.3,4.3,1.1,5,dbscan,median,2.0,435,-32.27812240740741,117.19631011574072
2.2,1050.2,1,4,5,0.2,995.6,2.2,3.4,4.1,1.1,5,dbscan,median,2.0,436,-31.491038280228757,117.23085854555713
2.1,1367.4,2,5,7,0.3,1284.9,2.2,2.8,4.0,1.1,5,dbscan,median,2.0,437,-32.46229460250583,117.11861712181735
2.1,1055.5,1,3,4,0.2,1002.1,2.1,3.0,3.4,1.1,5,dbscan,median,2.0,438,-32.83927263944003,117.09797387566137
2.1,740.4,1,4,5,0.2,697.9,2.1,3.5,4.4,1.1,5,dbscan,median,2.0,439,-32.3455798098545,117.8573610639881
2.1,1071.2,1,4,5,0.2,944.5,2.1,3.2,4.1,1.1,5,dbscan,median,2.0,440,-31.650844640723676,117.73246970366104
2.1,1065.9,1,4,5,0.2,924.3,2.1,3.4,5.7,1.1,5,dbscan,median,2.0,441,-32.85009888215488,117.22101433405484
