circle_id,seg_id,t_start,t_end,duration_s,avg_speed_kmh,alt_gained_m,climb_rate_ms,turn_radius_m,bank_angle_deg,lat,lon
0,,10616.0,10640.0,24.0,122.26876178423484,42.853333333332955,1.7855555555555398,129.7311854912427,42.18868492703978,-31.673924074074073,117.22668148148149
1,,10865.0,10904.0,39.0,135.28808907586264,66.36571428571364,1.701684981684965,233.26082127703535,31.681551977326983,-31.76078333333334,117.24488452380949
2,,11024.0,11051.0,27.0,125.1774806378829,28.91999999999939,1.0711111111110885,149.41961105481812,39.51724665675574,-31.797706666666663,117.274585
3,,11051.0,11078.0,27.0,126.45610312142783,27.239999999999977,1.008888888888888,150.94585421935273,39.80334150980522,-31.799525,117.27717833333334
4,,11078.0,11102.0,24.0,121.02788354063594,31.253333333333238,1.3022222222222182,128.41457278294968,41.89801475839906,-31.800785185185184,117.27885370370372
5,,11102.0,11126.0,24.0,122.07892582670357,26.719999999999736,1.1133333333333224,129.52976328445814,42.14438885629327,-31.80153333333333,117.28024074074074
6,,11126.0,11150.0,24.0,121.1466643990787,34.61333333333381,1.4422222222222423,128.54060318805543,41.92595387355638,-31.801883333333333,117.2816462962963
7,,11150.0,11171.0,21.0,123.58383842614707,45.599999999999866,2.171428571428565,114.73570950211663,46.31557240713666,-31.802489583333333,117.282975
8,,11171.0,11192.0,21.0,123.47980019974864,41.13333333333331,1.9587301587301578,114.63912001377267,46.29147018868127,-31.8034375,117.2839375
9,,11192.0,11216.0,24.0,121.36878148897775,51.46666666666634,2.144444444444431,128.7762767400729,41.9781336946421,-31.80421851851852,117.28469444444444
10,,11216.0,11240.0,24.0,122.9298793464114,69.30666666666647,2.8877777777777696,130.43265301114445,42.34246584092718,-31.804640740740737,117.28554629629632
11,,11240.0,11261.0,21.0,126.23171851142645,45.64999999999995,2.1738095238095214,117.194011527123,46.921911957847044,-31.805220833333337,117.28685000000002
12,,11261.0,11285.0,24.0,126.28643036756493,61.99999999999963,2.583333333333318,133.99406425618935,43.11174535178147,-31.806133333333335,117.28787407407407
13,,11285.0,11309.0,24.0,124.26914812923707,69.2800000000001,2.8866666666666707,131.8536613239136,42.65169901848778,-31.807066666666667,117.28902777777778
14,,11309.0,11333.0,24.0,124.91513873748436,54.213333333333324,2.2588888888888885,132.53907864720358,42.79976616399546,-31.807987037037037,117.29052962962962
15,,11333.0,11357.0,24.0,127.98489439904415,44.506666666666106,1.854444444444421,135.79619056468073,43.493797113398664,-31.8090537037037,117.29212962962964
16,,11357.0,11381.0,24.0,124.67301062013678,39.94666666666599,1.6644444444444162,132.2821727356209,42.744350913566926,-31.810009259259257,117.29330370370371
17,,11381.0,11405.0,24.0,128.4660196321209,46.13333333333289,1.9222222222222038,136.30668029195007,43.601151129432,-31.810524074074074,117.29466296296295
18,,11405.0,11429.0,24.0,128.3550203482607,48.746666666665995,2.031111111111083,136.18890639391,43.57641765798349,-31.811124074074073,117.29634629629628
19,,11429.0,11450.0,21.0,127.34838858187219,45.86666666666682,2.1841269841269915,118.23073230262257,47.17357723270131,-31.81189375,117.2977125
20,,11450.0,11474.0,24.0,127.80132590439491,48.26666666666755,2.011111111111148,135.60141834255163,43.45273638502545,-31.812748148148145,117.29923148148148
21,,11474.0,11495.0,21.0,129.4808706685967,30.283333333333577,1.4420634920635036,120.21053684937249,47.647632679450446,-31.813747916666667,117.30075
22,,11495.0,11522.0,27.0,124.64355993554678,50.49818181818182,1.8703030303030304,148.78229016234894,39.39707818471616,-31.814425,117.30199499999999
23,,11522.0,11552.0,30.0,124.7669826265881,46.781818181817044,1.5593939393939016,165.4773501640177,36.49860609157236,-31.814880303030304,117.30399848484848
24,,11552.0,11576.0,24.0,124.64782321177607,41.62666666666577,1.7344444444444072,132.25544806532568,42.738580638828395,-31.81596296296296,117.30650370370371
25,,11576.0,11600.0,24.0,124.77981426226009,39.78666666666676,1.6577777777777818,132.3954949195152,42.76880701726393,-31.816987037037038,117.30797962962963
26,,11600.0,11624.0,24.0,127.45422533329797,35.27999999999887,1.469999999999953,135.2331331982843,43.37494403668413,-31.817787037037036,117.30959444444446
27,,11924.0,11954.0,30.0,141.28359003377253,67.27272727272633,2.242424242424211,187.38318109703116,39.95877364096536,-31.954998484848485,117.33912121212124
28,,11954.0,11993.0,39.0,136.25312386331757,112.21714285714297,2.87736263736264,234.9247135577255,31.863854716436506,-31.95816547619048,117.34367738095237
29,,11993.0,12020.0,27.0,130.53888532452595,68.11636363636458,2.5228282828283177,155.81931648828282,40.70114304500553,-31.960138333333333,117.34636666666665
30,,12020.0,12044.0,24.0,130.92809059607185,56.133333333332956,2.338888888888873,138.91901871965558,44.14456831471576,-31.961431481481483,117.34838148148148
31,,12044.0,12071.0,27.0,128.16467965463485,57.5127272727274,2.130101010101015,152.98531722618304,40.18195682398193,-31.962403333333334,117.34964666666667
32,,12071.0,12098.0,27.0,131.95092323050298,44.49818181818209,1.6480808080808182,157.50481258255314,41.00613877460333,-31.96365666666667,117.3507
33,,13226.0,13250.0,24.0,124.64395133147745,60.32000000000011,2.5133333333333376,132.25133987273512,42.73769352047992,-32.41887407407407,117.28521481481484
34,,13250.0,13274.0,24.0,124.97839505338956,53.25333333333312,2.21888888888888,132.6061956829242,42.81422714641812,-32.41936851851852,117.28696296296296
35,,13274.0,13298.0,24.0,123.82963292100267,59.67999999999963,2.4866666666666513,131.38732120421648,42.55055324057991,-32.42000925925927,117.28863703703703
36,,13298.0,13322.0,24.0,124.80510938382409,49.4933333333327,2.062222222222196,132.42233387706864,42.77459631613134,-32.42079444444445,117.28993333333334
37,,13322.0,13346.0,24.0,124.99937759031403,44.61333333333311,1.8588888888888795,132.62845884605844,42.8190224564446,-32.421740740740745,117.29113148148147
38,,13346.0,13373.0,27.0,123.7344720651235,44.85818181818201,1.6614141414141486,147.69714645022833,39.191515143034366,-32.422655,117.29252333333334
39,,13373.0,13406.0,33.0,123.63254952309553,35.46923076922996,1.0748251748251503,180.37003768349686,33.68510545041046,-32.42347222222222,117.29315555555554
40,,13721.0,13748.0,27.0,130.4539495331123,57.39272727272742,2.125656565656571,155.71793185541605,40.68270751779627,-32.54293,117.29296499999998
41,,13748.0,13772.0,24.0,125.42283266926574,53.439999999998975,2.226666666666624,133.07775863934202,42.915639292245025,-32.54381296296296,117.29522962962963
42,,13859.0,13886.0,27.0,130.9438400701359,69.91636363636397,2.589494949494962,156.30269560947542,40.788899336639496,-32.559401666666666,117.29515166666665
43,,13886.0,13910.0,24.0,127.91409509945468,51.46666666666532,2.1444444444443884,135.7210701747,43.47796728652024,-32.56039444444444,117.29709259259259
44,,13910.0,13934.0,24.0,129.69296999298356,54.42666666666656,2.2677777777777735,137.60851505768125,43.873196864847394,-32.56157592592593,117.29895925925926
45,,13934.0,13958.0,24.0,129.45291595814209,56.66666666666541,2.3611111111110588,137.35380981598678,43.82016518901761,-32.56253888888889,117.30080925925927
46,,13958.0,13982.0,24.0,130.48949844296382,55.49333333333299,2.312222222222208,138.4536579918658,44.048488339974874,-32.56375185185185,117.30248703703703
47,,13982.0,14006.0,24.0,129.87265576589465,51.999999999999815,2.166666666666659,137.7991675840952,43.91283058784882,-32.56524259259258,117.30427962962962
48,,14006.0,14030.0,24.0,129.2449221598594,53.62666666666635,2.2344444444444314,137.13312154179246,43.774139813884716,-32.566390740740744,117.30605740740741
49,,14030.0,14054.0,24.0,127.24320057027597,53.6800000000001,2.236666666666671,135.00922897061932,43.327551287749614,-32.56730185185185,117.30787407407408
50,,15026.0,15050.0,24.0,133.35527692592143,84.96000000000046,3.540000000000019,141.49434340099313,44.67066936191596,-32.933740740740745,117.27155185185185
51,,15050.0,15071.0,21.0,130.513120105747,74.34999999999938,3.540476190476161,121.16888118519255,47.87405812053038,-32.93508750000001,117.27278333333334
52,,15071.0,15095.0,24.0,129.81900896959723,89.78666666666733,3.7411111111111386,137.74224656535,43.90100310837658,-32.93613888888889,117.27375925925925
53,,15095.0,15119.0,24.0,129.91630611232912,66.02666666666627,2.751111111111095,137.84548204011332,43.922450688071024,-32.93715555555556,117.27497777777778
54,,15428.0,15458.0,30.0,127.77627805571882,76.58181818181727,2.552727272727242,169.46855218710104,37.15375273189922,-33.07095454545454,117.26119545454543
55,,15458.0,15488.0,30.0,125.17174890122432,56.527272727272816,1.8842424242424272,166.01418810906142,36.58738066845757,-33.07158484848485,117.26325454545454
56,,15692.0,15716.0,24.0,129.85418818653883,91.54666666666645,3.8144444444444354,137.77957287381903,43.90875958135665,-33.137644444444454,117.26729259259258
57,,15716.0,15740.0,24.0,133.29848978352004,98.71999999999969,4.11333333333332,141.43409037154484,44.658468369493974,-33.13844074074075,117.26889074074074
58,,15740.0,15764.0,24.0,131.42910804712776,95.46666666666663,3.977777777777776,139.4506147457279,44.253942061750365,-33.139240740740746,117.27050925925927
59,,15764.0,15788.0,24.0,129.1473598521804,94.10666666666734,3.921111111111139,137.029604718282,43.752526547880706,-33.13980555555556,117.2719851851852
60,,15788.0,15809.0,21.0,131.31396226693494,69.9666666666665,3.331746031746024,121.91238611863103,48.04837177581025,-33.14005625,117.2734875
61,,15809.0,15833.0,24.0,129.87753015691,66.02666666666576,2.7511111111110735,137.8043394735929,43.91390500922028,-33.14027222222223,117.27466481481481
62,,15833.0,15857.0,24.0,132.60076162528435,55.759999999999735,2.323333333333322,140.69377780276074,44.50813813923825,-33.1403925925926,117.27602592592591
63,,15857.0,15884.0,27.0,130.77141846182684,47.04000000000051,1.7422222222222412,156.0968824750386,40.75156277727631,-33.14124166666666,117.276955
64,,16622.0,16646.0,24.0,133.13280315608003,83.38666666666643,3.4744444444444347,141.25829139980283,44.62284042892904,-33.484205555555555,117.41216481481482
65,,16646.0,16670.0,24.0,134.05680643500995,68.4266666666669,2.851111111111121,142.23868932830158,44.820973505205146,-33.48550185185186,117.41390925925927
66,,16670.0,16694.0,24.0,137.37792090697405,58.31999999999958,2.4299999999999824,145.76250122688236,45.52201564063142,-33.48684074074074,117.41583703703704
67,,16694.0,16718.0,24.0,134.52209525897715,58.453333333333205,2.4355555555555504,142.73237610363356,44.92023233414245,-33.48793518518518,117.4179962962963
68,,16718.0,16745.0,27.0,130.79549302451642,53.705454545455524,1.9890909090909454,156.1256193674498,40.75677845727006,-33.488435,117.42024833333332
69,,16745.0,16772.0,27.0,126.05163562829738,51.905454545455164,1.9224242424242652,150.46305671296497,39.713096968823,-33.48862833333333,117.42223666666669
70,,17297.0,17321.0,24.0,133.59017849696107,31.65333333333156,1.318888888888815,141.74358170879987,44.72108457484857,-33.48325555555555,117.53096851851852
71,,17321.0,17363.0,42.0,129.63267295354228,75.7499999999995,1.8035714285714168,240.70294134566515,28.77241874214296,-33.48163666666667,117.53479555555556
72,,17363.0,17405.0,42.0,124.91639668932976,68.44999999999933,1.629761904761889,231.94572340724048,27.885539693034463,-33.480743333333336,117.53483444444443
73,,17726.0,17753.0,27.0,134.60616514650513,70.72363636363623,2.6193939393939343,160.67427415282717,41.572104052447635,-33.37554666666667,117.534015
74,,17753.0,17780.0,27.0,132.2908152029794,80.44363636363543,2.979393939393905,157.9105287390797,41.07913583410003,-33.37573999999999,117.53646166666667
75,,17780.0,17822.0,42.0,150.8532804997829,-29.060000000001505,-0.6919047619047978,280.10552818696783,32.579354203406425,-33.375532222222226,117.54006000000001
76,,18545.0,18569.0,24.0,129.18488715961013,81.84000000000002,3.4100000000000006,137.0694224281378,43.760841931333,-33.136805555555554,117.79016296296297
77,,18569.0,18593.0,24.0,131.58915073571677,70.23999999999978,2.9266666666666574,139.62042531235895,44.28879441552201,-33.137559259259255,117.79179814814815
78,,18593.0,18617.0,24.0,132.027253260126,71.99999999999994,2.999999999999998,140.08526652796405,44.383988426902384,-33.138562962962965,117.79365185185185
79,,18617.0,18641.0,24.0,130.39754915352339,77.54666666666562,3.2311111111110673,138.3560967656776,44.0283058941082,-33.13972962962963,117.79558703703702
80,,18641.0,18665.0,24.0,128.48603101002647,70.66666666666728,2.94444444444447,136.32791302336176,43.60560801253468,-33.14083518518518,117.79745925925926
81,,18665.0,18689.0,24.0,129.89614684111064,70.3733333333334,2.9322222222222254,137.82409238902298,43.91800817268279,-33.14191111111111,117.7993851851852
82,,18689.0,18713.0,24.0,131.41526230717957,60.26666666666609,2.511111111111087,139.43592395937108,44.25092494413527,-33.14289814814814,117.80084074074074
83,,18713.0,18737.0,24.0,128.83350927993027,61.49333333333278,2.562222222222199,136.6965989185098,43.68289228791879,-33.143937037037034,117.80247777777777
84,,18737.0,18764.0,27.0,126.53857314500235,52.77818181818208,1.9547474747474842,151.04429555866864,39.821713157629496,-33.14496166666667,117.80410666666667
85,,19388.0,19412.0,24.0,131.26406813761002,77.49333333333288,3.22888888888887,139.2755019630133,44.21795815031178,-32.9351425925926,117.84706481481481
86,,19412.0,19436.0,24.0,132.79130857019308,69.86666666666605,2.9111111111110852,140.89595439058263,44.5492699609607,-32.93605740740741,117.84782407407407
87,,19436.0,19460.0,24.0,132.05153669449368,67.36000000000097,2.806666666666707,140.11103205206314,44.389255867735784,-32.936957407407405,117.84893148148149
88,,19460.0,19484.0,24.0,130.79083030381622,66.2666666666664,2.7611111111111,138.7733810263041,44.11453301661683,-32.93790185185185,117.84971666666668
89,,19484.0,19508.0,24.0,134.2015554619682,78.69333333333243,3.278888888888851,142.39227281595592,44.85188912511012,-32.939403703703704,117.8507777777778
90,,19508.0,19535.0,27.0,130.77666762901174,75.83999999999945,2.8088888888888683,156.10314820682305,40.75270006297141,-32.94043,117.85214333333333
91,,19619.0,19643.0,24.0,135.60667031116984,100.45333333333322,4.185555555555551,143.88314597503768,45.150277042004454,-32.92614074074074,117.87599444444443
92,,19643.0,19667.0,24.0,132.56474285454138,103.28000000000031,4.303333333333346,140.6555607000418,44.50035652918564,-32.92740925925926,117.87754629629629
93,,19667.0,19694.0,27.0,133.94574434988607,98.70545454545476,3.6557575757575838,159.8859548955576,41.4322515242036,-32.92881166666667,117.87932333333333
94,,19694.0,19718.0,24.0,138.57503186407874,69.97333333333304,2.9155555555555437,147.03267540190024,45.77050788516052,-32.930112962962966,117.88098148148148
95,,19718.0,19745.0,27.0,135.78437418901788,58.123636363638084,2.1527272727273363,162.0806576011632,41.82010895371925,-32.93141,117.88257000000002
96,,21272.0,21305.0,33.0,132.38980304661632,136.80769230769104,4.145687645687607,193.14617272345498,35.51752499213939,-32.45248611111112,118.30809722222222
97,,21305.0,21332.0,27.0,131.33308525651833,79.14545454545465,2.9313131313131353,156.7673228256316,40.873033209386435,-32.452549999999995,118.30938166666667
98,,21488.0,21524.0,36.0,138.45716923847803,159.23076923076724,4.423076923076867,220.36142890814892,34.382284944232076,-32.43949487179487,118.32353589743592
99,,21524.0,21551.0,27.0,133.46144372711842,78.57818181818187,2.9103030303030324,159.30786361013793,41.329310189414,-32.44015333333333,118.32607166666665
100,,21551.0,21575.0,24.0,135.34622955721144,64.63999999999935,2.6933333333333063,143.6068097525373,45.09520466093768,-32.44105925925926,118.32869444444444
101,,21575.0,21599.0,24.0,130.3259261696886,85.19999999999956,3.5499999999999816,138.28010241956898,44.0125754501209,-32.44168888888889,118.33075555555554
102,,21599.0,21623.0,24.0,133.82520552882178,69.70666666666683,2.9044444444444513,141.9929531346722,44.77143893491903,-32.44267222222223,118.33251851851853
103,,21623.0,21656.0,33.0,132.85307275673043,75.23846153846011,2.2799533799533367,193.8220463133246,35.61221855421398,-32.44368333333333,118.33455555555554
104,,22001.0,22028.0,27.0,140.5781641991572,72.08727272727117,2.669898989898932,167.80282292309985,42.809649547553015,-32.363328333333335,118.34447666666668
105,,22028.0,22055.0,27.0,136.67894473519846,63.68727272727291,2.3587878787878855,163.14847253393114,42.00713611360435,-32.364583333333336,118.34662666666665
106,,22229.0,22256.0,27.0,135.4202675627851,92.61818181818067,3.430303030302988,161.64603733083229,41.74367112968029,-32.30652833333333,118.40921500000002
107,,22256.0,22286.0,30.0,136.15768131837464,84.9454545454525,2.8315151515150836,180.58473351458613,38.920018447019395,-32.30722424242425,118.41171212121212
108,,22286.0,22325.0,39.0,132.7069028736396,109.36571428571264,2.804249084249042,228.81039539318775,31.190411610041803,-32.30828928571429,118.41357380952384
109,,22325.0,22352.0,27.0,139.39663697052168,91.42909090909197,3.3862626262626656,166.39247868183728,42.56863999423435,-32.30915666666667,118.41299666666666
110,,22352.0,22379.0,27.0,143.13372963671452,73.00363636363647,2.703838383838388,170.85330446146523,43.324580123961475,-32.31012833333333,118.41534833333333
111,,22916.0,22952.0,36.0,125.12664886569816,117.29670329670229,3.2582417582417302,199.1452467949976,31.731831729436312,-32.09957435897435,118.59796666666668
112,,22952.0,22982.0,30.0,133.11187692171256,82.78181818181687,2.7593939393938958,176.54510996942116,38.287997998873436,-32.100972727272726,118.59932121212123
113,,24452.0,24476.0,24.0,137.39332278375184,71.83999999999969,2.9933333333333203,145.77884312569623,45.52522673041859,-31.679716666666668,119.00577222222222
114,,24476.0,24500.0,24.0,136.4796174760185,72.02666666666605,3.001111111111085,144.80937168399578,45.33409551816429,-31.68055740740741,119.00757037037036
115,,24500.0,24524.0,24.0,137.81903600535796,69.49333333333334,2.8955555555555557,146.2305388827508,45.613837433494254,-31.68149814814815,119.00951296296297
116,,24524.0,24551.0,27.0,140.93867417811447,66.77454545454542,2.473131313131312,168.2331500119874,42.88281518511956,-31.68283166666667,119.01163833333335
117,,24551.0,24575.0,24.0,140.39975978218152,57.520000000000394,2.396666666666683,148.96877185499253,46.14506333048442,-31.68447962962963,119.01395555555554
118,,24575.0,24602.0,27.0,141.9010574410259,72.22909090909107,2.675151515151521,169.38191041279686,43.077284304042394,-31.685239999999993,119.01652333333334
119,,24602.0,24626.0,24.0,139.77155185512459,69.67999999999918,2.903333333333299,148.30222254245504,46.01668445799773,-31.686094444444443,119.0189148148148
120,,24626.0,24650.0,24.0,138.84922230242603,60.826666666665176,2.5344444444443823,147.3236004926436,45.827113788712175,-31.68645925925926,119.02067222222223
121,,24650.0,24677.0,27.0,140.26650961994025,54.10909090909068,2.0040404040403956,167.43081267195285,42.746259316735696,-31.686791666666664,119.02289999999998
122,,24677.0,24704.0,27.0,138.58818898627825,46.974545454547304,1.7397979797980483,165.42746498489964,42.40265097272392,-31.686956666666664,119.02538333333332
123,,24704.0,24746.0,42.0,136.71138933788927,-4.760000000001317,-0.11333333333336469,253.84675621766664,30.07571585145646,-31.686263333333333,119.02565666666666
124,,26099.0,26138.0,39.0,129.17860381942765,23.148571428571312,0.5935531135531106,222.72697784535796,30.51072366718201,-31.25159047619048,119.37317023809524
125,,26138.0,26195.0,57.0,134.5040335439817,46.47428571428487,0.8153383458646468,338.9438785684442,22.773906244118383,-31.249644166666663,119.3818125
126,,26195.0,26219.0,24.0,126.0782195474706,51.03999999999937,2.1266666666666403,133.77314571470114,43.06457928763187,-31.248216666666664,119.38503333333334
127,,26219.0,26243.0,24.0,124.56956029038155,53.46666666666661,2.2277777777777756,132.172408526654,42.72064424732376,-31.24859074074074,119.38567407407407
128,,26243.0,26267.0,24.0,126.85645959765789,51.11999999999974,2.1299999999999892,134.5988840540304,43.2405031789521,-31.248779629629627,119.38637962962964
129,,26267.0,26291.0,24.0,127.11735749306428,54.906666666666275,2.2877777777777615,134.87570531867175,43.29925371877891,-31.24893148148148,119.38713148148148
130,,26291.0,26315.0,24.0,128.2636063856621,63.41333333333317,2.6422222222222156,136.09191316714208,43.55603302680549,-31.24900185185185,119.38752037037037
131,,26315.0,26339.0,24.0,128.8749970175216,63.51999999999916,2.6466666666666314,136.74061877527888,43.69210648888295,-31.249283333333338,119.38793333333335
132,,26339.0,26363.0,24.0,128.40887833387035,61.626666666664875,2.567777777777703,136.246051491475,43.58842112948245,-31.249696296296293,119.38851296296295
133,,26363.0,26387.0,24.0,128.38069544362787,58.79999999999981,2.449999999999992,136.21614851619026,43.58214053132202,-31.25012962962963,119.38919074074073
134,,26387.0,26411.0,24.0,129.89859512610124,55.653333333332725,2.3188888888888637,137.82669010007865,43.91854773867888,-31.250575925925926,119.38984629629628
135,,26411.0,26435.0,24.0,131.5096441754012,55.54666666666675,2.314444444444448,139.53606623180923,44.271485509418355,-31.250924074074078,119.39040740740741
136,,26435.0,26459.0,24.0,132.1197053411174,48.07999999999966,2.003333333333319,140.18336123255682,44.40403760384612,-31.25124074074074,119.39131481481483
137,,26459.0,26483.0,24.0,130.29848238680918,48.18666666666667,2.0077777777777777,138.25098366155294,44.00654580270864,-31.251264814814817,119.39232592592595
138,,26483.0,26507.0,24.0,130.31124204881726,28.453333333332253,1.1855555555555106,138.26452208342474,44.00934936839308,-31.251388888888886,119.39315185185185
139,,26507.0,26534.0,27.0,136.60532522688007,32.42181818181787,1.2008080808080692,163.06059571900465,41.99178590062479,-31.252101666666668,119.39440833333333
140,,26534.0,26561.0,27.0,134.2799232616142,23.28000000000006,0.8622222222222246,160.2848515881471,41.50309366944458,-31.252766666666666,119.39545166666667
141,,26561.0,26600.0,39.0,137.68608891163998,55.199999999999186,1.4153846153845946,237.39540115717514,32.13322831551605,-31.255014285714285,119.39938095238097
142,,26600.0,26627.0,27.0,134.5060125109068,43.56000000000002,1.613333333333334,160.5547257501835,41.550934295175026,-31.256135,119.40135833333333
143,,26627.0,26654.0,27.0,134.0033076649883,39.43636363636393,1.4606060606060713,159.9546660416022,41.44446533417417,-31.256596666666667,119.402335
144,,26654.0,26681.0,27.0,135.74437952140843,32.018181818181745,1.185858585858583,162.032917483308,41.81172167901762,-31.25719,119.40321000000002
145,,27410.0,27440.0,30.0,140.1816715643957,51.09090909090808,1.7030303030302691,185.92171633631804,39.7380807268809,-31.277287878787877,119.21531818181819
146,,27440.0,27464.0,24.0,136.2305679847392,46.21333333333302,1.9255555555555424,144.545121966585,45.28177381129474,-31.277985185185187,119.21815740740742
147,,27464.0,27488.0,24.0,136.72349144557543,42.31999999999948,1.7633333333333117,145.0681300023053,45.38523640708072,-31.278792592592595,119.21985555555554
148,,27488.0,27512.0,24.0,136.0970473703258,47.999999999999794,1.9999999999999913,144.40345219466127,45.25368325607503,-31.279587037037036,119.22168703703703
149,,27512.0,27536.0,24.0,134.95916447880103,49.4933333333327,2.062222222222196,143.19612094902214,45.013159819090845,-31.280240740740737,119.22365
150,,27536.0,27560.0,24.0,133.42607887494043,58.29333333333296,2.4288888888888733,141.5694666021059,44.685874311603804,-31.280831481481485,119.22529629629629
151,,27560.0,27587.0,27.0,133.54682643129334,54.79636363636465,2.029494949494987,159.40978170581786,41.34748252374508,-31.281283333333334,119.22689166666666
152,,27587.0,27614.0,27.0,136.09409921823845,47.10545454545324,1.7446464646464164,162.45036462166124,41.88498700440576,-31.281528333333334,119.22858333333333
153,,28244.0,28274.0,30.0,141.47341355772465,54.43636363636273,1.8145454545454243,187.63494236496535,39.99664850377168,-31.31106818181818,118.97073484848484
154,,28274.0,28301.0,27.0,137.95061284779743,64.64727272727174,2.394343434343398,164.66641452962466,42.271122497868824,-31.31128,118.97273333333332
155,,28370.0,28400.0,30.0,134.51466537277284,73.34545454545508,2.4448484848485026,178.4056159369084,38.58046714998171,-31.30471818181818,118.95878787878787
156,,28400.0,28424.0,24.0,137.33249949379015,46.98666666666711,1.9577777777777963,145.71430761067944,45.51254373546137,-31.305335185185186,118.96051111111112
157,,28424.0,28448.0,24.0,137.58292900057398,55.14666666666588,2.297777777777745,145.98002157001756,45.564727127807025,-31.30590185185185,118.96240925925925
158,,28448.0,28472.0,24.0,136.39010587092832,55.91999999999997,2.3299999999999987,144.7143969212345,45.31530153910469,-31.306412962962966,118.96382222222223
159,,28472.0,28496.0,24.0,137.46501312831484,56.453333333332935,2.352222222222206,145.8549089437573,45.54016840614553,-31.306907407407405,118.9652351851852
160,,28496.0,28520.0,24.0,138.7685007045549,47.35999999999983,1.9733333333333263,147.23795221720715,45.81046096847853,-31.307561111111113,118.96670555555556
161,,28520.0,28547.0,27.0,136.0259696404095,46.941818181817546,1.738585858585835,162.36904092854442,41.870727202164936,-31.308128333333332,118.96800833333334
162,,28547.0,28580.0,33.0,135.46254926262696,97.09999999999833,2.9424242424241918,197.62906459061756,36.14143264979542,-31.308409722222223,118.9667472222222
163,,28580.0,28604.0,24.0,136.15170763527874,66.63999999999962,2.776666666666651,144.46144853704774,45.265186243811065,-31.30930740740741,118.96823333333333
164,,28604.0,28631.0,27.0,136.57229224885006,75.62181818181918,2.800808080808118,163.02116550596574,41.984895872661454,-31.310013333333337,118.96944000000003
165,,28631.0,28658.0,27.0,137.68873065229914,66.57818181818045,2.4658585858585353,164.3538156852148,42.216938041859734,-31.310858333333336,118.97073833333334
166,,28658.0,28685.0,27.0,139.58500403992747,51.796363636364056,1.9183838383838538,166.6173253084248,42.60718878762597,-31.311970000000002,118.97205000000001
167,,28685.0,28712.0,27.0,139.75413129455458,58.82181818181874,2.1785858585858793,166.81920609781577,42.64175960599857,-31.313018333333332,118.97317666666667
168,,29429.0,29459.0,30.0,139.21691314355985,79.41818181818061,2.647272727272687,184.64216573993838,39.54369063414707,-31.363101515151516,118.69481212121214
169,,29459.0,29492.0,33.0,138.04413239391684,74.86923076922916,2.26876456876452,201.39538865713575,36.6580576712236,-31.36447638888889,118.69679583333334
170,,29492.0,29522.0,30.0,140.3436230694088,73.12727272727244,2.437575757575748,186.1365111910181,39.77060547463976,-31.365953030303032,118.69890454545457
171,,29522.0,29552.0,30.0,140.85862678674152,72.07272727272706,2.4024242424242357,186.81955608538644,39.87382979810262,-31.367354545454543,118.70016212121213
172,,29552.0,29585.0,33.0,142.20771287534228,70.09999999999793,2.1242424242423614,207.46972079078387,37.47687970058441,-31.368365277777773,118.70239444444444
173,,29585.0,29618.0,33.0,143.17359852695535,67.19999999999807,2.036363636363578,208.87887098667827,37.66431557994152,-31.36961666666667,118.70465972222222
174,,31037.0,31064.0,27.0,125.7663416475742,48.741818181817905,1.805252525252515,150.12251210846654,39.649299989574764,-31.505926666666664,118.09069500000001
175,,31064.0,31091.0,27.0,128.3372143686349,49.047272727273004,1.8165656565656667,153.19126537059344,40.2199570516919,-31.506083333333333,118.09319666666666
176,,31091.0,31118.0,27.0,132.0829975090204,53.89090909090895,1.9959595959595906,157.6624646396632,41.034523006903235,-31.506294999999994,118.09557
177,,31118.0,31145.0,27.0,133.04406040981297,49.3199999999998,1.8266666666666593,158.8096489742885,41.24033079499455,-31.506711666666668,118.09797999999998
178,,31145.0,31172.0,27.0,132.21076423049843,52.21090909090832,1.9337373737373453,157.81497492930728,41.06195822485761,-31.507413333333336,118.1001883333333
179,,31172.0,31199.0,27.0,133.01172639167467,46.59272727272746,1.7256565656565725,158.771053083163,41.233427571489365,-31.50823833333334,118.10221666666666
180,,31199.0,31226.0,27.0,129.76483008185315,41.334545454545314,1.5309090909090857,154.89535610255103,40.532754762137486,-31.509354999999992,118.10370500000002
181,,31316.0,31346.0,30.0,136.12245142348607,48.8727272727262,1.6290909090908734,180.5380084152851,38.91277156673411,-31.50424242424242,118.09798333333332
182,,31346.0,31373.0,27.0,132.93846120312918,47.934545454545656,1.7753535353535428,158.68359920631121,41.21778026013935,-31.505159999999997,118.10080666666667
183,,31373.0,31400.0,27.0,130.87349256957174,39.94909090909067,1.4795959595959507,156.2187244661083,40.77367119915741,-31.506083333333333,118.103315
184,,31400.0,31427.0,27.0,129.31797901911776,36.610909090909104,1.3559595959595965,154.3619669365995,40.43515958027525,-31.50690666666667,118.10536833333333
185,,31427.0,31454.0,27.0,130.11870406720195,36.785454545454876,1.3624242424242548,155.31776205755023,40.60984198094913,-31.507773333333336,118.10751666666667
186,,31454.0,31481.0,27.0,132.05592488673065,31.80000000000001,1.1777777777777783,157.63014907721416,41.028706792348665,-31.508438333333334,118.10969833333334
187,,31481.0,31529.0,48.0,134.56273009673797,13.427450980391635,0.2797385620914924,285.55098201115203,26.508201193289775,-31.509738235294122,118.11371568627452
188,,31529.0,31574.0,45.0,125.92061897398459,34.83088235294402,0.7740196078432006,250.5111118362594,26.46611162856573,-31.5127375,118.111734375
189,,31643.0,31694.0,51.0,122.19674390172453,45.63859649123001,0.89487444100451,275.5163908073299,23.0877179698849,-31.513715740740736,118.11987592592592
190,,31694.0,31739.0,45.0,128.44785891943974,84.13676470588686,1.8697058823530415,255.53889595749038,26.923059087277085,-31.514436458333332,118.11377083333333
191,,31739.0,31763.0,24.0,133.7054679032378,40.160000000000494,1.673333333333354,141.86590756810037,44.74579620315636,-31.515472222222222,118.11424259259259
192,,31763.0,31790.0,27.0,131.79296611235938,40.647272727273275,1.5054545454545658,157.31626516143487,40.97215989310653,-31.516296666666666,118.11556666666668
193,,31790.0,31817.0,27.0,133.89520509200372,42.14181818181902,1.5608080808081117,159.82562810021628,41.421524291445735,-31.517148333333335,118.11698833333335
194,,31817.0,31844.0,27.0,139.4944752945132,28.603636363635907,1.0593939393939225,166.50926457849033,42.588668284073144,-31.518131666666665,118.11862833333332
195,,31844.0,31868.0,24.0,139.83119414197589,34.66666666666502,1.444444444444376,148.36550497425296,46.0288984785453,-31.5188462962963,118.12065555555556
196,,31868.0,31892.0,24.0,139.02078199447877,29.706666666667594,1.2377777777778165,147.5056309794804,45.862473392756165,-31.519698148148148,118.12260740740741
197,,31892.0,31919.0,27.0,140.3404816133192,31.112727272726033,1.1523232323231865,167.51911023492752,42.76131689521742,-31.520553333333332,118.12483666666667
198,,31919.0,31946.0,27.0,139.58075671488092,24.960000000000203,0.924444444444452,166.6122554376042,42.606320109758286,-31.521464999999996,118.12650833333332
