circle_id,start_idx,end_idx,start_time,end_time,duration_s,arc_deg,turn_rate_deg_s,radius_m_est,lat_mid,lon_mid,cluster_id
1,0,70,2020-11-08 02:57:29,2020-11-08 03:00:59,210.0,300.0,1.4285714285714286,1798.2813613595574,-31.719616666666667,117.23205,1
2,70,128,2020-11-08 03:00:59,2020-11-08 03:03:53,174.0,300.0,1.7241379310344827,1068.0530224463103,-31.77545,117.25785,2
3,128,132,2020-11-08 03:03:53,2020-11-08 03:04:05,12.0,300.0,-25.0,43.550540912997064,-31.797883333333335,117.27301666666666,3
4,132,156,2020-11-08 03:04:05,2020-11-08 03:05:17,72.0,300.0,-4.166666666666667,119.63851096854482,-31.801133333333333,117.27921666666667,3
5,156,162,2020-11-08 03:05:17,2020-11-08 03:05:35,18.0,300.0,16.666666666666668,41.3025661623082,-31.801933333333334,117.28216666666667,3
6,162,167,2020-11-08 03:05:35,2020-11-08 03:05:50,15.0,300.0,-20.0,58.87378567050725,-31.800916666666666,117.28088333333334,3
7,167,178,2020-11-08 03:05:50,2020-11-08 03:06:23,33.0,300.0,-9.090909090909092,13.553193052070446,-31.801583333333333,117.28308333333334,3
8,178,184,2020-11-08 03:06:23,2020-11-08 03:06:41,18.0,300.0,16.666666666666668,34.62783254355699,-31.804233333333332,117.2853,3
9,184,199,2020-11-08 03:06:41,2020-11-08 03:07:26,45.0,300.0,-6.666666666666667,40.133088260468334,-31.804866666666666,117.28411666666666,3
10,199,227,2020-11-08 03:07:26,2020-11-08 03:08:50,84.0,300.0,3.5714285714285716,126.66382285284868,-31.8066,117.28741666666667,3
11,227,248,2020-11-08 03:08:50,2020-11-08 03:09:53,63.0,300.0,4.761904761904762,99.70819497478553,-31.8089,117.29363333333333,3
12,248,270,2020-11-08 03:09:53,2020-11-08 03:10:59,66.0,300.0,4.545454545454546,67.64082919321778,-31.810433333333332,117.29703333333333,3
13,270,291,2020-11-08 03:10:59,2020-11-08 03:12:02,63.0,300.0,4.761904761904762,104.24882775438549,-31.8129,117.3015,3
14,291,295,2020-11-08 03:12:02,2020-11-08 03:12:14,12.0,300.0,-25.0,45.34081534300586,-31.814983333333334,117.30145,3
15,295,314,2020-11-08 03:12:14,2020-11-08 03:13:11,57.0,300.0,5.2631578947368425,147.08343476837092,-31.814583333333335,117.30648333333333,3
16,314,319,2020-11-08 03:13:11,2020-11-08 03:13:26,15.0,300.0,-20.0,26.25012189718597,-31.817966666666667,117.30776666666667,3
17,319,451,2020-11-08 03:13:26,2020-11-08 03:20:02,396.0,300.0,0.7575757575757576,3077.8859888065876,-31.907533333333333,117.32991666666666,4
18,451,458,2020-11-08 03:20:02,2020-11-08 03:20:23,21.0,300.0,-14.285714285714286,70.56403629282627,-31.96105,117.34543333333333,5
19,458,475,2020-11-08 03:20:23,2020-11-08 03:21:14,51.0,300.0,5.882352941176471,47.434976226160146,-31.9611,117.35016666666667,5
20,475,486,2020-11-08 03:21:14,2020-11-08 03:21:47,33.0,300.0,9.090909090909092,38.81453619691472,-31.96538333333333,117.35085,5
21,486,612,2020-11-08 03:21:47,2020-11-08 03:28:05,378.0,300.0,-0.7936507936507936,3813.9558116872745,-32.06138333333333,117.34818333333334,6
22,612,617,2020-11-08 03:28:05,2020-11-08 03:28:20,15.0,300.0,20.0,79.84308575951971,-32.14026666666667,117.32205,7
23,617,780,2020-11-08 03:28:20,2020-11-08 03:36:29,489.0,300.0,0.6134969325153374,4438.451599521947,-32.2445,117.29733333333333,8
24,780,874,2020-11-08 03:36:29,2020-11-08 03:41:11,282.0,300.0,1.0638297872340425,1574.4942454319464,-32.382933333333334,117.29088333333333,9
25,874,896,2020-11-08 03:41:11,2020-11-08 03:42:17,66.0,300.0,4.545454545454546,98.3271898951047,-32.41955,117.29045,10
26,896,900,2020-11-08 03:42:17,2020-11-08 03:42:29,12.0,300.0,-25.0,43.915900894786866,-32.422,117.2904,10
27,900,1018,2020-11-08 03:42:29,2020-11-08 03:48:23,354.0,300.0,0.847457627118644,2538.1988323577075,-32.47313333333334,117.28575,11
28,1018,1024,2020-11-08 03:48:23,2020-11-08 03:48:41,18.0,300.0,-16.666666666666668,55.59634167542306,-32.54215,117.28956666666667,12
29,1024,1029,2020-11-08 03:48:41,2020-11-08 03:48:56,15.0,300.0,20.0,28.261887808445003,-32.54155,117.29326666666667,12
30,1029,1069,2020-11-08 03:48:56,2020-11-08 03:50:56,120.0,300.0,-2.5,334.29842023184204,-32.547866666666664,117.29353333333333,12
31,1069,1075,2020-11-08 03:50:56,2020-11-08 03:51:14,18.0,300.0,16.666666666666668,62.68305752702741,-32.55891666666667,117.29593333333334,12
32,1075,1098,2020-11-08 03:51:14,2020-11-08 03:52:23,69.0,300.0,4.3478260869565215,114.68049272424521,-32.5597,117.2976,12
33,1098,1103,2020-11-08 03:52:23,2020-11-08 03:52:38,15.0,300.0,-20.0,49.382757801988795,-32.56238333333334,117.29948333333333,12
34,1103,1120,2020-11-08 03:52:38,2020-11-08 03:53:29,51.0,300.0,5.882352941176471,106.75593702669308,-32.564566666666664,117.30448333333334,12
35,1120,1150,2020-11-08 03:53:29,2020-11-08 03:54:59,90.0,300.0,3.3333333333333335,290.59124019830233,-32.5686,117.30925,12
36,1150,1415,2020-11-08 03:54:59,2020-11-08 04:08:14,795.0,300.0,0.37735849056603776,6904.495287120266,-32.7537,117.30265,13
37,1415,1433,2020-11-08 04:08:14,2020-11-08 04:09:08,54.0,300.0,5.555555555555555,99.89874891102905,-32.90623333333333,117.27556666666666,14
38,1433,1470,2020-11-08 04:09:08,2020-11-08 04:10:59,111.0,300.0,-2.7027027027027026,687.9267876255458,-32.92998333333333,117.26795,15
39,1470,1486,2020-11-08 04:10:59,2020-11-08 04:11:47,48.0,300.0,6.25,41.059108919921876,-32.935566666666666,117.27521666666667,15
40,1486,1491,2020-11-08 04:11:47,2020-11-08 04:12:02,15.0,300.0,-20.0,49.5557836117886,-32.93633333333333,117.27441666666667,15
41,1491,1496,2020-11-08 04:12:02,2020-11-08 04:12:17,15.0,300.0,20.0,37.61377537844161,-32.93718333333333,117.27723333333333,15
42,1496,1594,2020-11-08 04:12:17,2020-11-08 04:17:11,294.0,300.0,-1.0204081632653061,2892.9045805909604,-33.00655,117.2774,16
43,1594,1600,2020-11-08 04:17:11,2020-11-08 04:17:29,18.0,300.0,16.666666666666668,77.98961601406882,-33.070483333333335,117.26216666666667,17
44,1600,1606,2020-11-08 04:17:29,2020-11-08 04:17:47,18.0,300.0,-16.666666666666668,64.70101573477086,-33.07165,117.262,17
45,1606,1687,2020-11-08 04:17:47,2020-11-08 04:21:50,243.0,300.0,-1.2345679012345678,1422.2855465787566,-33.110166666666665,117.26061666666666,18
46,1687,1693,2020-11-08 04:21:50,2020-11-08 04:22:08,18.0,300.0,16.666666666666668,38.03740361213248,-33.13848333333333,117.26938333333334,19
47,1693,1714,2020-11-08 04:22:08,2020-11-08 04:23:11,63.0,300.0,4.761904761904762,92.71307248357533,-33.138216666666665,117.27113333333334,19
48,1714,1735,2020-11-08 04:23:11,2020-11-08 04:24:14,63.0,300.0,4.761904761904762,88.62057456068678,-33.1389,117.27438333333333,19
49,1735,1740,2020-11-08 04:24:14,2020-11-08 04:24:29,15.0,300.0,-20.0,41.947487797970865,-33.14125,117.27523333333333,19
50,1740,1988,2020-11-08 04:24:29,2020-11-08 04:36:53,744.0,300.0,0.4032258064516129,7689.064734282071,-33.30576666666666,117.34315,20
51,1988,1994,2020-11-08 04:36:53,2020-11-08 04:37:11,18.0,300.0,-16.666666666666668,20.82429411200437,-33.48433333333333,117.41033333333333,21
52,1994,2000,2020-11-08 04:37:11,2020-11-08 04:37:29,18.0,300.0,16.666666666666668,42.03167501701631,-33.48543333333333,117.4137,21
53,2000,2017,2020-11-08 04:37:29,2020-11-08 04:38:20,51.0,300.0,-5.882352941176471,100.28239970469947,-33.485866666666666,117.41368333333334,21
54,2017,2023,2020-11-08 04:38:20,2020-11-08 04:38:38,18.0,300.0,16.666666666666668,44.88432613177045,-33.48851666666667,117.41986666666666,21
55,2023,2045,2020-11-08 04:38:38,2020-11-08 04:39:44,66.0,300.0,4.545454545454546,144.6808588336931,-33.4874,117.42183333333334,21
56,2045,2245,2020-11-08 04:39:44,2020-11-08 04:48:44,540.0,300.0,-0.5555555555555556,1891.5844311820306,-33.5611,117.44608333333333,22
57,2245,2253,2020-11-08 04:48:44,2020-11-08 04:49:08,24.0,300.0,12.5,79.07764143607577,-33.48031666666667,117.53641666666667,23
58,2253,2258,2020-11-08 04:49:08,2020-11-08 04:49:23,15.0,300.0,-20.0,67.23571168158136,-33.482366666666664,117.53441666666667,23
59,2258,2269,2020-11-08 04:49:23,2020-11-08 04:49:56,33.0,300.0,9.090909090909092,37.233489784083375,-33.48335,117.53625,23
60,2269,2307,2020-11-08 04:49:56,2020-11-08 04:51:50,114.0,300.0,-2.6315789473684212,827.0843415174799,-33.468916666666665,117.53476666666667,23
61,2307,2333,2020-11-08 04:51:50,2020-11-08 04:53:08,78.0,300.0,3.8461538461538463,767.222907453976,-33.422583333333336,117.53575,24
62,2333,2342,2020-11-08 04:53:08,2020-11-08 04:53:35,27.0,300.0,11.11111111111111,194.04366393273432,-33.40128333333333,117.53201666666666,25
63,2342,2357,2020-11-08 04:53:35,2020-11-08 04:54:20,45.0,300.0,-6.666666666666667,341.3458167210839,-33.387683333333335,117.52985,26
64,2357,2363,2020-11-08 04:54:20,2020-11-08 04:54:38,18.0,300.0,16.666666666666668,142.71740785769543,-33.377066666666664,117.52905,26
65,2363,2370,2020-11-08 04:54:38,2020-11-08 04:54:59,21.0,300.0,-14.285714285714286,58.585971237526735,-33.37545,117.52733333333333,26
66,2370,2375,2020-11-08 04:54:59,2020-11-08 04:55:14,15.0,300.0,20.0,37.73768979882535,-33.374633333333335,117.53301666666667,26
67,2375,2399,2020-11-08 04:55:14,2020-11-08 04:56:26,72.0,300.0,4.166666666666667,111.7412986086383,-33.37625,117.53588333333333,26
68,2399,2470,2020-11-08 04:56:26,2020-11-08 04:59:59,213.0,300.0,-1.408450704225352,2052.8070317063866,-33.33801666666667,117.55238333333334,27
69,2470,2534,2020-11-08 04:59:59,2020-11-08 05:03:11,192.0,300.0,1.5625,1460.5728000111205,-33.25241666666667,117.62316666666666,28
70,2534,2540,2020-11-08 05:03:11,2020-11-08 05:03:29,18.0,300.0,-16.666666666666668,125.92475620567218,-33.2406,117.64948333333334,29
71,2540,2648,2020-11-08 05:03:29,2020-11-08 05:08:53,324.0,300.0,0.9259259259259259,3211.4179861026087,-33.171,117.71125,30
72,2648,2658,2020-11-08 05:08:53,2020-11-08 05:09:23,30.0,300.0,10.0,31.51883178147343,-33.13603333333333,117.7907,31
73,2658,2670,2020-11-08 05:09:23,2020-11-08 05:09:59,36.0,300.0,8.333333333333334,93.62170596594098,-33.1382,117.79038333333334,31
74,2670,2693,2020-11-08 05:09:59,2020-11-08 05:11:08,69.0,300.0,4.3478260869565215,123.364910780126,-33.138783333333336,117.79491666666667,31
75,2693,2698,2020-11-08 05:11:08,2020-11-08 05:11:23,15.0,300.0,-20.0,37.479437696713866,-33.14196666666667,117.79765,31
76,2698,2704,2020-11-08 05:11:23,2020-11-08 05:11:41,18.0,300.0,16.666666666666668,16.430270049059228,-33.1436,117.80005,31
77,2704,2715,2020-11-08 05:11:41,2020-11-08 05:12:14,33.0,300.0,9.090909090909092,100.91454650994487,-33.14451666666667,117.80128333333333,31
78,2715,2720,2020-11-08 05:12:14,2020-11-08 05:12:29,15.0,300.0,-20.0,31.884216085827017,-33.14521666666667,117.80246666666666,31
79,2720,2727,2020-11-08 05:12:29,2020-11-08 05:12:50,21.0,300.0,14.285714285714286,39.8285489515243,-33.1457,117.806,31
80,2727,2738,2020-11-08 05:12:50,2020-11-08 05:13:23,33.0,300.0,9.090909090909092,113.9818665956274,-33.14203333333333,117.80801666666666,31
81,2738,2898,2020-11-08 05:13:23,2020-11-08 05:21:23,480.0,300.0,0.625,4091.406885677959,-33.0516,117.84721666666667,32
82,2898,2935,2020-11-08 05:21:23,2020-11-08 05:23:14,111.0,300.0,2.7027027027027026,532.0074387461108,-32.939616666666666,117.85313333333333,33
83,2935,2946,2020-11-08 05:23:14,2020-11-08 05:23:47,33.0,300.0,-9.090909090909092,61.489083893802544,-32.9343,117.84736666666667,33
84,2946,2956,2020-11-08 05:23:47,2020-11-08 05:24:17,30.0,300.0,10.0,28.444034482593224,-32.93795,117.84913333333333,33
85,2956,2968,2020-11-08 05:24:17,2020-11-08 05:24:53,36.0,300.0,-8.333333333333334,85.33127589940364,-32.93675,117.85013333333333,33
86,2968,2978,2020-11-08 05:24:53,2020-11-08 05:25:23,30.0,300.0,10.0,11.506326398171275,-32.94095,117.85118333333334,33
87,2978,3007,2020-11-08 05:25:23,2020-11-08 05:26:50,87.0,300.0,3.4482758620689653,473.4502337262629,-32.934266666666666,117.86233333333334,33
88,3007,3019,2020-11-08 05:26:50,2020-11-08 05:27:26,36.0,300.0,-8.333333333333334,97.39898216874141,-32.92471666666667,117.87525,34
89,3019,3030,2020-11-08 05:27:26,2020-11-08 05:27:59,33.0,300.0,9.090909090909092,59.66776976500038,-32.92895,117.87768333333334,34
90,3030,3042,2020-11-08 05:27:59,2020-11-08 05:28:35,36.0,300.0,-8.333333333333334,105.0299379993544,-32.9284,117.88033333333334,34
91,3042,3053,2020-11-08 05:28:35,2020-11-08 05:29:08,33.0,300.0,9.090909090909092,22.00113740760965,-32.932633333333335,117.88143333333333,34
92,3053,3106,2020-11-08 05:29:08,2020-11-08 05:31:47,159.0,300.0,-1.8867924528301887,1446.832212342649,-32.91546666666667,117.90535,35
93,3106,3249,2020-11-08 05:31:47,2020-11-08 05:38:56,429.0,300.0,0.6993006993006993,4768.988594721424,-32.78865,118.02196666666667,36
94,3249,3287,2020-11-08 05:38:56,2020-11-08 05:40:50,114.0,300.0,2.6315789473684212,1210.4666101567818,-32.682316666666665,118.1166,37
95,3287,3334,2020-11-08 05:40:50,2020-11-08 05:43:11,141.0,300.0,-2.127659574468085,1218.3499455213255,-32.63115,118.12023333333333,38
96,3334,3416,2020-11-08 05:43:11,2020-11-08 05:47:17,246.0,300.0,1.2195121951219512,1859.684586032679,-32.56471666666667,118.16925,39
97,3416,3461,2020-11-08 05:47:17,2020-11-08 05:49:32,135.0,300.0,2.2222222222222223,850.8765369485953,-32.52916666666667,118.20988333333334,40
98,3461,3532,2020-11-08 05:49:32,2020-11-08 05:53:05,213.0,300.0,1.408450704225352,1600.8208320405474,-32.48668333333333,118.26441666666666,41
99,3532,3573,2020-11-08 05:53:05,2020-11-08 05:55:08,123.0,300.0,2.4390243902439024,632.3066464678811,-32.453133333333334,118.30176666666667,42
100,3573,3583,2020-11-08 05:55:08,2020-11-08 05:55:38,30.0,300.0,-10.0,43.81294620916592,-32.4539,118.31016666666666,42
101,3583,3636,2020-11-08 05:55:38,2020-11-08 05:58:17,159.0,300.0,-1.8867924528301887,360.86538603286414,-32.44253333333333,118.34298333333334,43
102,3636,3646,2020-11-08 05:58:17,2020-11-08 05:58:47,30.0,300.0,10.0,15.647287011243726,-32.4407,118.32323333333333,43
103,3646,3669,2020-11-08 05:58:47,2020-11-08 05:59:56,69.0,300.0,4.3478260869565215,136.48398274658308,-32.44226666666667,118.32788333333333,43
104,3669,3704,2020-11-08 05:59:56,2020-11-08 06:01:41,105.0,300.0,-2.857142857142857,384.7773606729235,-32.44255,118.33456666666666,43
105,3704,3722,2020-11-08 06:01:41,2020-11-08 06:02:35,54.0,300.0,5.555555555555555,226.9523075400527,-32.444266666666664,118.3449,43
106,3722,3780,2020-11-08 06:02:35,2020-11-08 06:05:29,174.0,300.0,-1.7241379310344827,1404.7895487734856,-32.39326666666667,118.34918333333333,44
107,3780,3791,2020-11-08 06:05:29,2020-11-08 06:06:02,33.0,300.0,9.090909090909092,212.8935297848172,-32.36646666666667,118.33851666666666,45
108,3791,3802,2020-11-08 06:06:02,2020-11-08 06:06:35,33.0,300.0,-9.090909090909092,98.38912387713502,-32.36315,118.34216666666667,45
109,3802,3814,2020-11-08 06:06:35,2020-11-08 06:07:11,36.0,300.0,8.333333333333334,81.23685935348718,-32.3622,118.34288333333333,45
110,3814,3825,2020-11-08 06:07:11,2020-11-08 06:07:44,33.0,300.0,9.090909090909092,26.014212114050228,-32.364133333333335,118.34851666666667,45
111,3825,3896,2020-11-08 06:07:44,2020-11-08 06:11:17,213.0,300.0,1.408450704225352,1708.4006265859384,-32.317883333333334,118.39253333333333,46
112,3896,3910,2020-11-08 06:11:17,2020-11-08 06:11:59,42.0,300.0,7.142857142857143,49.82073596355491,-32.30615,118.415,47
113,3910,3937,2020-11-08 06:11:59,2020-11-08 06:13:20,81.0,300.0,-3.7037037037037037,226.81550351112924,-32.30846666666667,118.41393333333333,47
114,3937,4108,2020-11-08 06:13:20,2020-11-08 06:21:53,513.0,300.0,-0.5847953216374269,5441.397959875875,-32.18611666666666,118.52708333333334,48
115,4108,4120,2020-11-08 06:21:53,2020-11-08 06:22:29,36.0,300.0,8.333333333333334,32.44183847766151,-32.0986,118.59595,49
116,4120,4132,2020-11-08 06:22:29,2020-11-08 06:23:05,36.0,300.0,8.333333333333334,36.06962829696003,-32.10256666666667,118.60048333333333,49
117,4132,4151,2020-11-08 06:23:05,2020-11-08 06:24:02,57.0,300.0,5.2631578947368425,124.02691906108018,-32.10061666666667,118.59923333333333,49
118,4151,4166,2020-11-08 06:24:02,2020-11-08 06:24:47,45.0,300.0,-6.666666666666667,55.711971249753574,-32.10208333333333,118.59321666666666,49
119,4166,4362,2020-11-08 06:24:47,2020-11-08 06:34:35,588.0,300.0,-0.5102040816326531,5797.491768312949,-31.97135,118.66106666666667,50
120,4362,4374,2020-11-08 06:34:35,2020-11-08 06:35:11,36.0,300.0,8.333333333333334,373.32968198915916,-31.864266666666666,118.77591666666666,51
121,4374,4441,2020-11-08 06:35:11,2020-11-08 06:38:32,201.0,300.0,1.492537313432836,1358.5008255965708,-31.807683333333333,118.79055,52
122,4441,4564,2020-11-08 06:38:32,2020-11-08 06:44:41,369.0,300.0,-0.8130081300813008,3369.1066820802284,-31.7373,118.89011666666667,53
123,4564,4621,2020-11-08 06:44:41,2020-11-08 06:47:32,171.0,300.0,1.7543859649122806,1057.2132891961612,-31.682083333333335,118.97865,54
124,4621,4643,2020-11-08 06:47:32,2020-11-08 06:48:38,66.0,300.0,4.545454545454546,106.41608009434184,-31.6815,119.00835,55
125,4643,4666,2020-11-08 06:48:38,2020-11-08 06:49:47,69.0,300.0,4.3478260869565215,142.60671064541583,-31.684783333333332,119.01223333333333,55
126,4666,4690,2020-11-08 06:49:47,2020-11-08 06:50:59,72.0,300.0,4.166666666666667,114.74184432168664,-31.6874,119.01923333333333,55
127,4690,4695,2020-11-08 06:50:59,2020-11-08 06:51:14,15.0,300.0,-20.0,65.00011752524682,-31.68645,119.02116666666667,55
128,4695,4700,2020-11-08 06:51:14,2020-11-08 06:51:29,15.0,300.0,20.0,37.38242233159668,-31.686216666666667,119.02563333333333,55
129,4700,4773,2020-11-08 06:51:29,2020-11-08 06:55:08,219.0,300.0,1.36986301369863,1607.6514456702782,-31.6647,119.04041666666667,56
130,4773,4777,2020-11-08 06:55:08,2020-11-08 06:55:20,12.0,300.0,25.0,122.81872222229383,-31.612233333333332,119.05313333333334,57
131,4777,4816,2020-11-08 06:55:20,2020-11-08 06:57:17,117.0,300.0,-2.5641025641025643,761.4982411446528,-31.57978333333333,119.0488,58
132,4816,4836,2020-11-08 06:57:17,2020-11-08 06:58:17,60.0,300.0,-5.0,213.59821521491028,-31.568416666666668,119.0452,58
133,4836,4851,2020-11-08 06:58:17,2020-11-08 06:59:02,45.0,300.0,-6.666666666666667,140.84062657104408,-31.561933333333332,119.04903333333333,58
134,4851,5051,2020-11-08 06:59:02,2020-11-08 07:09:02,600.0,300.0,-0.5,5742.928757769212,-31.456833333333332,119.1716,59
135,5051,5110,2020-11-08 07:09:02,2020-11-08 07:11:59,177.0,300.0,-1.694915254237288,1561.653050804232,-31.3394,119.28748333333333,60
136,5110,5115,2020-11-08 07:11:59,2020-11-08 07:12:14,15.0,300.0,20.0,125.4865466767269,-31.3099,119.32416666666667,61
137,5115,5118,2020-11-08 07:12:14,2020-11-08 07:12:23,9.0,300.0,-33.333333333333336,83.8727739724985,-31.305083333333332,119.32355,61
138,5118,5178,2020-11-08 07:12:23,2020-11-08 07:15:23,180.0,300.0,1.6666666666666667,1350.4895126542133,-31.268366666666665,119.35238333333334,62
139,5178,5207,2020-11-08 07:15:23,2020-11-08 07:16:50,87.0,300.0,3.4482758620689653,246.63438352286954,-31.2503,119.38361666666667,63
140,5207,5218,2020-11-08 07:16:50,2020-11-08 07:17:23,33.0,300.0,-9.090909090909092,64.8027626795592,-31.24735,119.38575,63
141,5218,5239,2020-11-08 07:17:23,2020-11-08 07:18:26,63.0,300.0,-4.761904761904762,36.05228405636217,-31.248116666666668,119.386,63
142,5239,5260,2020-11-08 07:18:26,2020-11-08 07:19:29,63.0,300.0,-4.761904761904762,21.325155293910846,-31.248516666666667,119.38861666666666,63
143,5260,5282,2020-11-08 07:19:29,2020-11-08 07:20:35,66.0,300.0,4.545454545454546,18.497029587667505,-31.2499,119.39126666666667,63
144,5282,5293,2020-11-08 07:20:35,2020-11-08 07:21:08,33.0,300.0,-9.090909090909092,76.0884849110561,-31.250133333333334,119.39241666666666,63
145,5293,5315,2020-11-08 07:21:08,2020-11-08 07:22:14,66.0,300.0,-4.545454545454546,42.58518153384491,-31.250416666666666,119.3926,63
146,5315,5329,2020-11-08 07:22:14,2020-11-08 07:22:56,42.0,300.0,-7.142857142857143,127.08788995637538,-31.252883333333333,119.39413333333333,63
147,5329,5353,2020-11-08 07:22:56,2020-11-08 07:24:08,72.0,300.0,-4.166666666666667,73.72701073431867,-31.2547,119.40048333333333,63
148,5353,5357,2020-11-08 07:24:08,2020-11-08 07:24:20,12.0,300.0,25.0,52.05182286954283,-31.2566,119.40401666666666,63
149,5357,5364,2020-11-08 07:24:20,2020-11-08 07:24:41,21.0,300.0,-14.285714285714286,55.78437277062774,-31.258183333333335,119.40186666666666,63
150,5364,5410,2020-11-08 07:24:41,2020-11-08 07:26:43,122.0,300.0,-2.459016393442623,873.876784785847,-31.26165,119.428,64
151,5410,5523,2020-11-08 07:26:43,2020-11-08 07:31:38,295.0,300.0,-1.0169491525423728,2479.5185446560286,-31.26075,119.39568333333334,63
152,5523,5536,2020-11-08 07:31:38,2020-11-08 07:32:17,39.0,300.0,-7.6923076923076925,125.50480358005109,-31.271116666666668,119.32011666666666,65
153,5536,5631,2020-11-08 07:32:17,2020-11-08 07:37:02,285.0,300.0,1.0526315789473684,1980.3672602725503,-31.273216666666666,119.24998333333333,66
154,5631,5643,2020-11-08 07:37:02,2020-11-08 07:37:38,36.0,300.0,-8.333333333333334,128.8918874281935,-31.2766,119.21763333333334,67
155,5643,5654,2020-11-08 07:37:38,2020-11-08 07:38:11,33.0,300.0,-9.090909090909092,24.81695877864817,-31.27995,119.21906666666666,67
156,5654,5665,2020-11-08 07:38:11,2020-11-08 07:38:44,33.0,300.0,-9.090909090909092,102.39855822688942,-31.278716666666668,119.22296666666666,67
157,5665,5687,2020-11-08 07:38:44,2020-11-08 07:39:50,66.0,300.0,-4.545454545454546,59.6387723181398,-31.2802,119.22495,67
158,5687,5692,2020-11-08 07:39:50,2020-11-08 07:40:05,15.0,300.0,20.0,58.939257859807825,-31.2818,119.22975,67
159,5692,5698,2020-11-08 07:40:05,2020-11-08 07:40:23,18.0,300.0,-16.666666666666668,79.2601309063012,-31.28275,119.22888333333333,67
160,5698,5745,2020-11-08 07:40:23,2020-11-08 07:42:44,141.0,300.0,2.127659574468085,1133.6291886622853,-31.2843,119.20253333333334,68
161,5745,5890,2020-11-08 07:42:44,2020-11-08 07:49:59,435.0,300.0,-0.6896551724137931,3808.3832354436413,-31.270666666666667,119.05705,69
162,5890,5901,2020-11-08 07:49:59,2020-11-08 07:50:32,33.0,300.0,-9.090909090909092,78.4768172826454,-31.30865,118.96678333333334,70
163,5901,5916,2020-11-08 07:50:32,2020-11-08 07:51:17,45.0,300.0,-6.666666666666667,156.12976326529545,-31.312266666666666,118.97,70
164,5916,5921,2020-11-08 07:51:17,2020-11-08 07:51:32,15.0,300.0,20.0,62.01023668595478,-31.3115,118.974,70
165,5921,5950,2020-11-08 07:51:32,2020-11-08 07:52:59,87.0,300.0,-3.4482758620689653,270.92618286339575,-31.30705,118.96641666666666,70
166,5950,5962,2020-11-08 07:52:59,2020-11-08 07:53:35,36.0,300.0,8.333333333333334,44.47499733462116,-31.305983333333334,118.95943333333334,70
167,5962,5973,2020-11-08 07:53:35,2020-11-08 07:54:08,33.0,300.0,-9.090909090909092,95.1360162326819,-31.304566666666666,118.96238333333334,70
168,5973,5995,2020-11-08 07:54:08,2020-11-08 07:55:14,66.0,300.0,-4.545454545454546,85.33377231870449,-31.306466666666665,118.96345,70
169,5995,6005,2020-11-08 07:55:14,2020-11-08 07:55:44,30.0,300.0,-10.0,29.133362541948067,-31.308666666666667,118.96618333333333,70
170,6005,6018,2020-11-08 07:55:44,2020-11-08 07:56:23,39.0,300.0,7.6923076923076925,55.356185842289555,-31.309233333333335,118.96456666666667,70
171,6018,6030,2020-11-08 07:56:23,2020-11-08 07:56:59,36.0,300.0,-8.333333333333334,98.73171185418802,-31.308633333333333,118.96946666666666,70
172,6030,6052,2020-11-08 07:56:59,2020-11-08 07:58:05,66.0,300.0,-4.545454545454546,49.976227071881844,-31.309833333333334,118.97133333333333,70
173,6052,6057,2020-11-08 07:58:05,2020-11-08 07:58:20,15.0,300.0,20.0,49.03451914870374,-31.313533333333332,118.97415,70
174,6057,6063,2020-11-08 07:58:20,2020-11-08 07:58:38,18.0,300.0,-16.666666666666668,60.322712552795785,-31.314066666666665,118.97248333333333,70
175,6063,6296,2020-11-08 07:58:38,2020-11-08 08:10:17,699.0,300.0,0.4291845493562232,5257.977742102505,-31.37345,118.81918333333333,71
176,6296,6307,2020-11-08 08:10:17,2020-11-08 08:10:50,33.0,300.0,-9.090909090909092,63.08811323077904,-31.363183333333332,118.69538333333334,72
177,6307,6320,2020-11-08 08:10:50,2020-11-08 08:11:29,39.0,300.0,-7.6923076923076925,96.11805542116805,-31.3661,118.6955,72
178,6320,6345,2020-11-08 08:11:29,2020-11-08 08:12:44,75.0,300.0,-4.0,73.71950002205264,-31.36825,118.69961666666667,72
179,6345,6357,2020-11-08 08:12:44,2020-11-08 08:13:20,36.0,300.0,-8.333333333333334,60.314598885600034,-31.36965,118.7056,72
180,6357,6398,2020-11-08 08:13:20,2020-11-08 08:15:23,123.0,300.0,2.4390243902439024,1020.44734296006,-31.383116666666666,118.6868,73
181,6398,6846,2020-11-08 08:15:23,2020-11-08 08:37:47,1344.0,300.0,-0.22321428571428573,10581.389883038817,-31.427633333333333,118.35465,74
182,6846,6857,2020-11-08 08:37:47,2020-11-08 08:38:20,33.0,300.0,-9.090909090909092,98.44220706838372,-31.506933333333333,118.09498333333333,75
183,6857,6880,2020-11-08 08:38:20,2020-11-08 08:39:29,69.0,300.0,-4.3478260869565215,70.97950829057089,-31.508216666666666,118.09858333333334,75
184,6880,6892,2020-11-08 08:39:29,2020-11-08 08:40:05,36.0,300.0,-8.333333333333334,103.56051362250902,-31.509683333333335,118.1016,75
185,6892,6908,2020-11-08 08:40:05,2020-11-08 08:40:53,48.0,300.0,6.25,79.42223424204822,-31.509483333333332,118.10618333333333,75
186,6908,6935,2020-11-08 08:40:53,2020-11-08 08:42:14,81.0,300.0,3.7037037037037037,217.55077507617338,-31.506066666666666,118.09403333333333,75
187,6935,6946,2020-11-08 08:42:14,2020-11-08 08:42:47,33.0,300.0,-9.090909090909092,95.86138529772786,-31.505416666666665,118.10088333333333,75
188,6946,6970,2020-11-08 08:42:47,2020-11-08 08:43:59,72.0,300.0,-4.166666666666667,94.23573072760729,-31.507866666666665,118.1045,75
189,6970,6976,2020-11-08 08:43:59,2020-11-08 08:44:17,18.0,300.0,16.666666666666668,60.14736000449938,-31.507616666666667,118.10951666666666,75
190,6976,6980,2020-11-08 08:44:17,2020-11-08 08:44:29,12.0,300.0,-25.0,64.08079782186982,-31.507583333333333,118.1078,75
191,6980,7016,2020-11-08 08:44:29,2020-11-08 08:46:17,108.0,300.0,2.7777777777777777,134.4187258376376,-31.513383333333334,118.11541666666666,75
192,7016,7047,2020-11-08 08:46:17,2020-11-08 08:47:50,93.0,300.0,-3.225806451612903,168.90575380737053,-31.51355,118.11953333333334,75
193,7047,7052,2020-11-08 08:47:50,2020-11-08 08:48:05,15.0,300.0,20.0,65.7605926057943,-31.5154,118.12176666666667,75
194,7052,7063,2020-11-08 08:48:05,2020-11-08 08:48:38,33.0,300.0,-9.090909090909092,170.71439161523216,-31.513883333333332,118.11576666666667,75
195,7063,7070,2020-11-08 08:48:38,2020-11-08 08:48:59,21.0,300.0,14.285714285714286,50.90624883562142,-31.513766666666665,118.11438333333334,75
196,7070,7075,2020-11-08 08:48:59,2020-11-08 08:49:14,15.0,300.0,-20.0,63.98438872975911,-31.514266666666668,118.11295,75
197,7075,7097,2020-11-08 08:49:14,2020-11-08 08:50:20,66.0,300.0,-4.545454545454546,41.53203362290499,-31.51745,118.11533333333334,75
198,7097,7108,2020-11-08 08:50:20,2020-11-08 08:50:53,33.0,300.0,-9.090909090909092,92.60000961837078,-31.51953333333333,118.11808333333333,75
199,7108,7119,2020-11-08 08:50:53,2020-11-08 08:51:26,33.0,300.0,9.090909090909092,11.379567712856394,-31.518116666666668,118.12143333333333,75
200,7119,7130,2020-11-08 08:51:26,2020-11-08 08:51:59,33.0,300.0,-9.090909090909092,91.75707608066948,-31.521566666666665,118.12563333333334,75
201,7130,7142,2020-11-08 08:51:59,2020-11-08 08:52:35,36.0,300.0,-8.333333333333334,95.42475285990052,-31.521466666666665,118.12491666666666,75
202,7142,8066,2020-11-08 08:52:35,2020-11-08 09:37:45,2710.0,300.0,0.11070110701107011,16527.745961427747,-31.588716666666667,117.52415,76
203,8066,8090,2020-11-08 09:37:45,2020-11-08 09:38:57,72.0,300.0,4.166666666666667,413.4654068904918,-31.624183333333335,117.22788333333334,77
204,8090,8126,2020-11-08 09:38:57,2020-11-08 09:40:25,88.0,300.0,-3.409090909090909,245.4220504046944,-31.6154,117.22583333333333,77
